Date,PageName,TrafficSource,TrafficType,Users,Sessions,BounceRate,SessionDurationSeconds,PagesPerSession,EngagementRate,ConversionRate,GoalCompletions,EventCount,PagePerformance
2025-01-01,Home,Direct,Direct,5,6,0.4455,81.58,1.67,0.54,0.0181,0,33,Low Performing
2025-01-01,Blog,Direct,Direct,8,8,0.4519,106.2,1.0,0.6015,0.0301,0,41,Average Performing
2025-01-01,Landing Page,Organic Search,Organic,1,2,0.5472,411.25,1.1,0.4831,0.0411,0,10,Average Performing
2025-01-01,Products,Direct,Direct,6,6,0.4766,88.05,5.62,0.4998,0.0822,0,84,Low Performing
2025-01-01,Blog,Organic Search,Organic,9,9,0.4821,289.01,3.07,0.4652,0.0508,0,65,Average Performing
2025-01-01,Blog,Organic Search,Organic,4,6,0.4203,201.54,4.96,0.5858,0.0648,0,72,Average Performing
2025-01-01,Landing Page,Referral,Referral,8,8,0.4284,121.71,2.13,0.6024,0.0727,0,49,Average Performing
2025-01-01,Home,Organic Search,Organic,2,3,0.4636,146.18,3.79,0.4502,0.0352,0,34,Low Performing
2025-01-01,Products,Organic Search,Organic,2,4,0.4553,156.53,2.24,0.5383,0.0533,1,29,Low Performing
2025-01-02,Checkout,Referral,Referral,2,6,0.4569,225.09,3.07,0.4922,0.0549,0,72,Average Performing
2025-01-02,Landing Page,Direct,Direct,5,7,0.4725,356.35,1.58,0.4955,0.0644,1,30,Average Performing
2025-01-02,Products,Direct,Direct,7,7,0.4898,351.3,1.06,0.4853,0.0453,0,37,Low Performing
2025-01-03,Products,Referral,Referral,3,4,0.4955,256.07,4.09,0.5821,0.0887,0,23,Low Performing
2025-01-03,Pricing,Referral,Referral,2,3,0.385,335.94,3.28,0.5884,0.0701,2,29,High Performing
2025-01-04,Blog,Paid Search,Paid,4,4,0.5454,199.34,1.47,0.4918,0.0184,0,31,Average Performing
2025-01-04,Contact,Organic Search,Organic,3,3,0.5186,153.02,6.81,0.4981,0.1265,1,46,High Performing
2025-01-04,Home,Organic Search,Organic,7,7,0.4363,90.01,5.0,0.5314,0.0712,0,96,Low Performing
2025-01-04,Contact,Paid Search,Paid,10,13,0.49,378.87,2.51,0.514,0.042,0,64,High Performing
2025-01-04,Blog,Direct,Direct,3,6,0.4161,472.25,3.19,0.5612,0.0932,0,22,Average Performing
2025-01-05,Products,Direct,Direct,1,3,0.4558,244.64,4.33,0.5661,0.086,0,27,Low Performing
2025-01-05,Home,Paid Search,Paid,4,5,0.5587,26.97,1.0,0.4534,0.0305,0,1,Low Performing
2025-01-05,Products,Direct,Direct,2,2,0.3318,362.39,3.94,0.6428,0.0615,0,13,Low Performing
2025-01-05,Services,Organic Search,Organic,9,10,0.5187,95.24,2.27,0.4759,0.0051,0,81,Average Performing
2025-01-06,Landing Page,Referral,Referral,8,8,0.4418,338.66,4.92,0.5607,0.0853,1,101,Average Performing
2025-01-06,Blog,Social,Social,1,2,0.4479,237.58,4.46,0.5374,0.0966,0,14,Average Performing
2025-01-06,Products,Paid Search,Paid,1,1,0.5192,288.05,1.0,0.5329,0.0329,0,3,Low Performing
2025-01-06,Blog,Paid Search,Paid,5,6,0.5288,145.42,1.2,0.4844,0.0414,0,9,Average Performing
2025-01-07,Blog,Direct,Direct,6,8,0.401,337.13,5.97,0.566,0.1059,3,82,Average Performing
2025-01-07,Services,Direct,Direct,8,11,0.4804,236.16,3.43,0.5869,0.0714,1,103,Average Performing
2025-01-07,Blog,Paid Search,Paid,10,11,0.5015,219.36,1.79,0.4368,0.0601,2,79,Average Performing
2025-01-07,Landing Page,Direct,Direct,5,5,0.5496,123.54,1.0,0.4392,0.017,0,25,Average Performing
2025-01-07,About,Direct,Direct,8,8,0.4073,387.79,4.53,0.6153,0.079,1,103,High Performing
2025-01-07,Home,Direct,Direct,9,10,0.4966,114.19,2.6,0.4396,0.0609,0,76,Low Performing
2025-01-08,Blog,Direct,Direct,10,10,0.4089,386.8,11.41,0.5816,0.177,0,233,Average Performing
2025-01-08,Blog,Paid Search,Paid,6,7,0.4956,184.73,1.0,0.5443,0.0251,1,7,Average Performing
2025-01-08,Home,Referral,Referral,3,4,0.5384,110.32,5.53,0.4257,0.0934,0,53,Low Performing
2025-01-08,About,Referral,Referral,4,5,0.4653,122.28,3.65,0.507,0.0457,0,41,High Performing
2025-01-08,Checkout,Social,Social,3,6,0.5728,141.38,4.61,0.4161,0.1012,0,59,Average Performing
2025-01-08,Home,Referral,Referral,2,3,0.4641,106.09,2.22,0.5616,0.0388,0,8,Low Performing
2025-01-09,Home,Social,Social,1,4,0.5183,112.23,1.67,0.4035,0.0318,0,25,Low Performing
2025-01-09,Pricing,Organic Search,Organic,6,7,0.5154,126.02,4.86,0.555,0.0716,1,77,High Performing
2025-01-09,Products,Direct,Direct,6,9,0.5271,510.49,1.0,0.4127,0.0359,1,54,Low Performing
2025-01-09,Blog,Social,Social,7,11,0.4617,310.44,1.88,0.5703,0.0193,0,49,Average Performing
2025-01-09,About,Direct,Direct,6,10,0.4628,332.58,3.1,0.5008,0.0469,0,74,High Performing
2025-01-09,FAQ,Paid Search,Paid,3,6,0.583,118.58,1.0,0.469,0.0193,0,1,Low Performing
2025-01-09,Blog,Social,Social,10,13,0.5093,34.63,2.39,0.4785,0.0435,2,69,Average Performing
2025-01-09,About,Paid Search,Paid,3,3,0.4941,71.56,2.97,0.49,0.0492,0,33,High Performing
2025-01-10,About,Referral,Referral,9,10,0.4068,36.33,2.25,0.6665,0.0019,0,53,High Performing
2025-01-10,Pricing,Organic Search,Organic,5,7,0.4394,139.64,2.56,0.5566,0.0418,0,14,High Performing
2025-01-10,Home,Paid Search,Paid,2,4,0.6075,41.51,1.39,0.4298,0.0313,0,25,Low Performing
2025-01-10,About,Direct,Direct,8,10,0.4487,116.12,5.94,0.602,0.0958,0,121,High Performing
2025-01-10,Landing Page,Organic Search,Organic,1,2,0.5861,83.02,7.18,0.3775,0.1069,0,30,Average Performing
2025-01-10,FAQ,Organic Search,Organic,5,5,0.5624,71.39,1.46,0.4672,0.0316,1,27,Low Performing
2025-01-10,Products,Organic Search,Organic,2,3,0.5104,109.07,6.52,0.5141,0.1033,1,48,Low Performing
2025-01-10,Pricing,Paid Search,Paid,8,10,0.5645,150.3,2.49,0.3362,0.0094,0,79,High Performing
2025-01-10,Blog,Organic Search,Organic,6,6,0.4507,224.44,2.19,0.5293,0.061,0,46,Average Performing
2025-01-10,Contact,Organic Search,Organic,9,10,0.3513,532.39,8.06,0.6972,0.1442,1,218,High Performing
2025-01-11,Services,Social,Social,5,5,0.4018,233.23,2.67,0.5904,0.0533,1,38,Average Performing
2025-01-11,Checkout,Direct,Direct,6,8,0.5313,154.03,2.48,0.4753,0.0072,0,74,Average Performing
2025-01-11,Home,Direct,Direct,4,5,0.6149,306.76,1.46,0.4073,0.0549,1,14,Low Performing
2025-01-11,Blog,Direct,Direct,11,12,0.5744,133.64,7.51,0.3592,0.1247,1,163,Average Performing
2025-01-11,Blog,Paid Search,Paid,1,1,0.535,169.91,2.08,0.3598,0.0312,0,7,Average Performing
2025-01-12,Home,Organic Search,Organic,5,7,0.5245,271.2,3.43,0.4546,0.0609,0,65,Low Performing
2025-01-12,Blog,Referral,Referral,8,10,0.4559,343.64,1.93,0.5367,0.0411,0,66,Average Performing
2025-01-12,Checkout,Paid Search,Paid,6,6,0.4855,161.79,4.61,0.5159,0.0989,0,62,Average Performing
2025-01-12,Blog,Social,Social,3,3,0.4968,137.29,1.0,0.435,0.022,0,11,Average Performing
2025-01-12,Contact,Direct,Direct,9,11,0.4879,143.02,1.83,0.5486,0.027,0,24,High Performing
2025-01-12,Pricing,Direct,Direct,9,9,0.4459,156.49,3.88,0.5404,0.0512,0,86,High Performing
2025-01-12,Pricing,Paid Search,Paid,7,7,0.4952,126.69,2.57,0.4961,0.0367,1,54,High Performing
2025-01-12,Landing Page,Referral,Referral,11,11,0.4979,86.3,2.65,0.4915,0.0487,1,96,Average Performing
2025-01-13,Products,Organic Search,Organic,5,6,0.4501,79.66,3.71,0.5628,0.0184,0,54,Low Performing
2025-01-13,Products,Social,Social,1,2,0.4448,175.25,5.6,0.5897,0.0844,0,21,Low Performing
2025-01-13,Home,Organic Search,Organic,2,3,0.5608,204.16,1.08,0.4722,0.0644,1,10,Low Performing
2025-01-13,Blog,Direct,Direct,3,4,0.4849,67.43,4.01,0.5713,0.0363,0,40,Average Performing
2025-01-13,Home,Paid Search,Paid,9,10,0.4887,20.0,6.39,0.4952,0.1248,0,112,Low Performing
2025-01-13,Landing Page,Referral,Referral,4,4,0.4763,100.9,3.0,0.5669,0.0703,0,32,Average Performing
2025-01-14,About,Direct,Direct,9,10,0.3623,224.75,1.0,0.6137,0.03,0,39,High Performing
2025-01-14,FAQ,Direct,Direct,1,3,0.4232,457.23,3.68,0.5593,0.1025,0,29,Low Performing
2025-01-14,Products,Social,Social,7,10,0.445,97.32,3.4,0.5073,0.0578,0,54,Low Performing
2025-01-14,Home,Direct,Direct,11,11,0.455,184.65,1.33,0.6327,0.0373,0,1,Low Performing
2025-01-14,Products,Organic Search,Organic,3,4,0.4702,247.23,5.05,0.552,0.1042,1,43,Low Performing
2025-01-14,Pricing,Organic Search,Organic,5,7,0.5306,231.3,4.21,0.5382,0.0822,0,39,High Performing
2025-01-14,Products,Organic Search,Organic,1,2,0.4848,261.85,4.49,0.4733,0.1085,0,23,Low Performing
2025-01-15,Landing Page,Social,Social,6,7,0.5156,214.34,1.71,0.5229,0.0734,0,34,Average Performing
2025-01-15,Landing Page,Referral,Referral,5,7,0.4772,127.57,1.94,0.5152,0.0437,0,36,Average Performing
2025-01-15,About,Organic Search,Organic,6,9,0.4267,111.26,3.33,0.5486,0.0425,1,60,High Performing
2025-01-15,Home,Paid Search,Paid,10,11,0.5268,207.41,4.18,0.4703,0.0756,1,105,Low Performing
2025-01-15,Services,Referral,Referral,10,12,0.4737,75.41,1.7,0.5565,0.0391,0,47,Average Performing
2025-01-15,About,Direct,Direct,11,11,0.4729,171.95,6.21,0.4783,0.0947,1,127,High Performing
2025-01-16,Services,Organic Search,Organic,10,10,0.6081,225.77,3.63,0.4012,0.0902,1,69,Average Performing
2025-01-16,Services,Direct,Direct,1,1,0.4661,47.63,5.34,0.6031,0.0591,0,14,Average Performing
2025-01-16,Products,Organic Search,Organic,7,8,0.5878,112.65,1.13,0.4329,0.0411,1,39,Low Performing
2025-01-16,About,Paid Search,Paid,8,9,0.5117,620.26,1.0,0.5195,0.0303,0,39,High Performing
2025-01-16,About,Organic Search,Organic,9,9,0.466,63.02,2.86,0.5372,0.0428,1,75,High Performing
2025-01-16,Landing Page,Organic Search,Organic,3,4,0.5224,272.07,1.0,0.5378,0.0308,0,10,Average Performing
2025-01-16,FAQ,Organic Search,Organic,1,1,0.4531,213.18,3.05,0.5574,0.046,0,7,Low Performing
2025-01-16,Checkout,Paid Search,Paid,8,9,0.6295,136.66,1.0,0.4031,0.0244,0,35,Average Performing
2025-01-16,Services,Referral,Referral,4,4,0.6575,124.24,1.7,0.2962,0.0377,0,27,Average Performing
2025-01-16,Services,Direct,Direct,11,11,0.5034,133.28,2.4,0.4916,0.0659,1,80,Average Performing
2025-01-16,Products,Organic Search,Organic,4,5,0.4973,181.72,1.0,0.4604,0.0378,0,14,Low Performing
2025-01-17,Home,Paid Search,Paid,10,11,0.5163,165.67,5.89,0.4518,0.0898,1,139,Low Performing
2025-01-17,Blog,Referral,Referral,4,4,0.4926,330.9,3.15,0.4993,0.0591,0,46,Average Performing
2025-01-17,Home,Referral,Referral,8,8,0.511,230.94,1.46,0.4988,0.0365,0,46,Low Performing
2025-01-17,Services,Paid Search,Paid,6,6,0.4437,133.24,1.89,0.5999,0.08,0,27,Average Performing
2025-01-17,Home,Paid Search,Paid,8,10,0.4158,242.33,6.64,0.6144,0.0794,1,156,Low Performing
2025-01-17,Home,Direct,Direct,11,16,0.4825,316.91,2.24,0.5502,0.0735,1,85,Low Performing
2025-01-18,Blog,Paid Search,Paid,2,3,0.5305,184.85,2.41,0.4453,0.0483,1,14,Average Performing
2025-01-18,Services,Referral,Referral,5,6,0.5481,29.49,1.32,0.4714,0.0615,0,27,Average Performing
2025-01-18,Blog,Paid Search,Paid,11,13,0.592,414.58,2.1,0.4023,0.0653,0,78,Average Performing
2025-01-18,Products,Referral,Referral,2,4,0.5232,44.49,2.67,0.4266,0.0845,0,20,Low Performing
2025-01-18,Services,Organic Search,Organic,10,11,0.3961,445.24,1.51,0.6212,0.0725,0,36,Average Performing
2025-01-18,Contact,Referral,Referral,7,8,0.4493,122.31,6.57,0.5795,0.1405,2,124,High Performing
2025-01-18,Blog,Organic Search,Organic,1,3,0.4821,181.93,1.81,0.5903,0.0158,1,16,Average Performing
2025-01-18,Home,Organic Search,Organic,9,9,0.5179,80.3,1.13,0.4679,0.0321,1,28,Low Performing
2025-01-18,Landing Page,Direct,Direct,3,3,0.4422,355.67,2.64,0.5857,0.0465,0,28,Average Performing
2025-01-18,Home,Referral,Referral,7,8,0.4669,218.76,2.16,0.5295,0.0506,0,39,Low Performing
2025-01-18,About,Direct,Direct,6,8,0.4252,79.45,3.67,0.5718,0.0853,0,72,High Performing
2025-01-19,Contact,Organic Search,Organic,5,7,0.5239,154.65,2.23,0.5103,0.0335,0,49,High Performing
2025-01-19,Landing Page,Referral,Referral,10,13,0.4614,166.74,1.23,0.5705,0.0193,0,32,Average Performing
2025-01-19,Home,Paid Search,Paid,6,6,0.516,239.95,1.08,0.4114,0.0361,0,36,Low Performing
2025-01-19,Pricing,Referral,Referral,11,15,0.5516,127.64,3.25,0.4986,0.0639,1,128,High Performing
2025-01-19,Blog,Organic Search,Organic,8,8,0.4863,84.46,1.0,0.5195,0.0154,0,26,Average Performing
2025-01-19,Home,Direct,Direct,3,5,0.526,226.56,4.79,0.4899,0.0742,1,45,Low Performing
2025-01-19,Services,Social,Social,10,10,0.5344,152.95,2.63,0.5626,0.0511,0,59,Average Performing
2025-01-19,Contact,Paid Search,Paid,5,5,0.4575,64.95,2.77,0.5893,0.0536,0,26,High Performing
2025-01-19,Services,Referral,Referral,5,6,0.5085,160.65,3.77,0.5202,0.0698,1,44,Average Performing
2025-01-20,Services,Social,Social,11,13,0.5072,83.53,3.13,0.5129,0.0654,1,109,Average Performing
2025-01-20,Checkout,Direct,Direct,1,2,0.4646,425.22,2.01,0.5727,0.0475,0,8,Average Performing
2025-01-20,Blog,Social,Social,7,8,0.3828,73.47,1.0,0.6277,0.0243,2,9,Average Performing
2025-01-20,Contact,Social,Social,4,4,0.3384,344.32,2.0,0.6749,0.0738,1,25,High Performing
2025-01-21,Home,Organic Search,Organic,5,6,0.4821,150.51,1.64,0.5248,0.0399,0,27,Low Performing
2025-01-21,Landing Page,Organic Search,Organic,4,6,0.5582,26.31,1.0,0.4336,0.0326,0,23,Average Performing
2025-01-21,FAQ,Social,Social,3,5,0.4516,316.39,1.79,0.5302,0.0288,1,38,Low Performing
2025-01-21,Home,Paid Search,Paid,2,5,0.474,315.02,2.06,0.5741,0.0446,0,26,Low Performing
2025-01-21,Products,Social,Social,7,9,0.5192,129.61,1.0,0.5438,0.0446,1,33,Low Performing
2025-01-22,Pricing,Social,Social,1,3,0.5553,565.03,1.87,0.4589,0.0437,1,18,High Performing
2025-01-22,Home,Referral,Referral,8,10,0.482,149.0,1.87,0.4838,0.0642,0,66,Low Performing
2025-01-22,Pricing,Organic Search,Organic,1,2,0.4928,467.75,2.77,0.5801,0.0744,0,8,High Performing
2025-01-22,Services,Paid Search,Paid,7,7,0.577,145.28,2.55,0.4007,0.085,0,56,Average Performing
2025-01-22,About,Paid Search,Paid,2,3,0.478,300.33,3.18,0.6033,0.0586,1,28,High Performing
2025-01-22,Blog,Direct,Direct,8,8,0.4803,137.83,2.16,0.5461,0.0273,1,39,Average Performing
2025-01-23,Services,Direct,Direct,1,2,0.524,47.27,2.88,0.5159,0.0405,0,15,Average Performing
2025-01-23,Services,Referral,Referral,10,11,0.5742,164.12,1.87,0.4199,0.043,0,35,Average Performing
2025-01-23,Blog,Organic Search,Organic,7,8,0.5646,30.79,1.0,0.4619,0.0614,0,14,Average Performing
2025-01-24,Pricing,Referral,Referral,4,6,0.4814,185.99,8.46,0.5742,0.1332,1,99,High Performing
2025-01-24,Pricing,Paid Search,Paid,7,7,0.4384,83.94,5.31,0.5178,0.0983,1,81,High Performing
2025-01-25,Contact,Direct,Direct,10,11,0.5295,125.92,3.89,0.3949,0.0942,2,97,High Performing
2025-01-25,Products,Direct,Direct,8,9,0.5446,97.26,2.73,0.4961,0.0639,0,69,Low Performing
2025-01-25,Home,Organic Search,Organic,6,6,0.4947,105.94,3.28,0.5363,0.0332,0,65,Low Performing
2025-01-25,Checkout,Social,Social,1,2,0.4529,114.34,2.97,0.512,0.0824,0,13,Average Performing
2025-01-25,Services,Paid Search,Paid,1,2,0.5235,193.01,5.01,0.5633,0.0738,1,22,Average Performing
2025-01-25,Blog,Paid Search,Paid,10,12,0.5207,112.08,3.31,0.5833,0.0506,0,80,Average Performing
2025-01-25,Contact,Social,Social,11,11,0.4613,74.5,2.34,0.5223,0.0484,2,65,High Performing
2025-01-25,Products,Organic Search,Organic,11,14,0.453,677.19,1.0,0.4885,0.0399,1,1,Low Performing
2025-01-25,Contact,Referral,Referral,11,12,0.4863,281.38,6.22,0.4465,0.1046,3,154,High Performing
2025-01-26,Pricing,Referral,Referral,9,9,0.3506,113.16,7.36,0.6264,0.094,0,145,High Performing
2025-01-26,Home,Referral,Referral,10,12,0.5257,210.93,1.0,0.5025,0.0457,0,28,Low Performing
2025-01-26,Contact,Organic Search,Organic,4,4,0.6333,129.32,1.0,0.3767,0.036,0,8,High Performing
2025-01-26,Home,Social,Social,1,3,0.5738,181.95,1.72,0.4617,0.0609,0,13,Low Performing
2025-01-26,Services,Direct,Direct,9,10,0.5169,85.95,1.0,0.4924,0.0169,0,3,Average Performing
2025-01-26,Blog,Referral,Referral,11,13,0.4701,189.43,1.05,0.4574,0.0474,0,48,Average Performing
2025-01-26,Home,Organic Search,Organic,8,8,0.4694,175.15,4.06,0.4707,0.0719,2,38,Low Performing
2025-01-26,Products,Organic Search,Organic,8,9,0.4528,289.71,1.37,0.6133,0.0623,1,12,Low Performing
2025-01-27,Contact,Referral,Referral,4,6,0.5094,110.5,1.0,0.4309,0.0584,0,22,High Performing
2025-01-27,Products,Organic Search,Organic,6,7,0.5172,134.17,1.34,0.442,0.014,0,12,Low Performing
2025-01-27,Services,Organic Search,Organic,7,7,0.5075,217.37,1.86,0.4444,0.0154,0,38,Average Performing
2025-01-27,Blog,Organic Search,Organic,8,8,0.5437,178.49,4.9,0.4555,0.0637,1,99,Average Performing
2025-01-27,Home,Organic Search,Organic,7,10,0.5053,142.89,4.94,0.4584,0.12,0,119,Low Performing
2025-01-28,Services,Organic Search,Organic,2,4,0.4873,264.51,1.96,0.5321,0.0292,0,33,Average Performing
2025-01-28,Home,Paid Search,Paid,2,3,0.5192,361.66,2.03,0.4812,0.0475,0,20,Low Performing
2025-01-28,Products,Organic Search,Organic,10,11,0.5541,178.0,1.28,0.4051,0.0399,0,39,Low Performing
2025-01-28,FAQ,Social,Social,6,7,0.485,267.73,1.97,0.4471,0.0589,0,43,Low Performing
2025-01-28,Pricing,Organic Search,Organic,5,6,0.4681,109.13,1.15,0.5742,0.0294,0,7,High Performing
2025-01-29,FAQ,Direct,Direct,10,13,0.4217,232.4,3.18,0.5964,0.0261,0,102,Low Performing
2025-01-29,Home,Referral,Referral,9,9,0.537,304.72,2.62,0.438,0.0519,1,91,Low Performing
2025-01-29,Pricing,Direct,Direct,5,7,0.5605,225.39,2.01,0.4579,0.1095,2,42,High Performing
2025-01-29,Checkout,Social,Social,4,4,0.5205,230.75,2.77,0.4854,0.0496,0,32,Average Performing
2025-01-30,Checkout,Organic Search,Organic,3,5,0.3635,222.68,5.63,0.6705,0.0705,0,65,Average Performing
2025-01-30,FAQ,Direct,Direct,9,10,0.4978,108.48,1.74,0.5303,0.0187,0,71,Low Performing
2025-01-30,Blog,Organic Search,Organic,6,8,0.4729,125.84,4.99,0.5227,0.0824,0,67,Average Performing
2025-01-30,Products,Paid Search,Paid,3,3,0.4918,138.98,3.88,0.4962,0.0744,0,29,Low Performing
2025-01-30,Checkout,Organic Search,Organic,10,12,0.4634,166.27,6.27,0.5503,0.0853,2,162,Average Performing
2025-01-30,Services,Organic Search,Organic,4,7,0.5665,150.62,5.21,0.4559,0.0981,1,100,Average Performing
2025-01-30,Landing Page,Referral,Referral,2,4,0.4922,259.61,6.25,0.501,0.1056,3,58,Average Performing
2025-01-30,Pricing,Social,Social,10,11,0.516,33.89,2.62,0.4446,0.0659,0,45,High Performing
2025-01-31,Products,Organic Search,Organic,2,2,0.5222,85.05,1.97,0.554,0.0529,0,11,Low Performing
2025-01-31,Products,Organic Search,Organic,5,7,0.5036,259.71,4.1,0.4281,0.0416,0,73,Low Performing
2025-02-01,Blog,Social,Social,2,2,0.5323,268.14,2.07,0.5261,0.0607,0,19,Average Performing
2025-02-01,Pricing,Paid Search,Paid,2,4,0.4829,162.49,2.76,0.5013,0.055,0,33,High Performing
2025-02-01,Services,Organic Search,Organic,1,2,0.4295,215.68,5.62,0.5135,0.0846,0,22,Average Performing
2025-02-01,Services,Direct,Direct,11,12,0.3748,32.8,2.27,0.6377,0.0472,2,98,Average Performing
2025-02-01,Checkout,Paid Search,Paid,6,7,0.5044,160.97,8.69,0.4796,0.1258,2,121,Average Performing
2025-02-01,Blog,Direct,Direct,9,10,0.5105,33.75,1.55,0.531,0.0248,1,17,Average Performing
2025-02-02,Services,Organic Search,Organic,6,6,0.4731,61.07,3.6,0.5,0.0914,1,54,Average Performing
2025-02-02,Blog,Direct,Direct,1,1,0.4563,172.92,3.43,0.6003,0.047,0,11,Average Performing
2025-02-03,Checkout,Direct,Direct,6,7,0.5709,217.62,2.21,0.3487,0.0365,1,35,Average Performing
2025-02-03,Home,Organic Search,Organic,1,2,0.4425,111.43,7.28,0.5611,0.1407,0,28,Low Performing
2025-02-03,Home,Organic Search,Organic,11,12,0.5291,261.33,2.29,0.4616,0.0434,0,54,Low Performing
2025-02-03,Pricing,Paid Search,Paid,9,9,0.3733,255.0,1.67,0.6373,0.0319,1,64,High Performing
2025-02-03,Pricing,Organic Search,Organic,11,13,0.5937,279.46,1.19,0.3829,0.041,1,57,High Performing
2025-02-03,Pricing,Paid Search,Paid,4,5,0.5565,34.0,7.81,0.4306,0.1198,0,75,High Performing
2025-02-03,Blog,Organic Search,Organic,7,8,0.5112,109.81,2.12,0.5207,0.0658,0,16,Average Performing
2025-02-03,Home,Organic Search,Organic,10,11,0.4491,602.38,4.16,0.5988,0.0521,1,105,Low Performing
2025-02-04,Home,Organic Search,Organic,2,2,0.5445,252.71,1.42,0.439,0.0237,0,9,Low Performing
2025-02-04,Contact,Organic Search,Organic,11,11,0.4616,306.2,2.19,0.5302,0.0532,1,69,High Performing
2025-02-04,Products,Organic Search,Organic,9,9,0.4388,219.78,1.37,0.5854,0.0734,0,41,Low Performing
2025-02-04,About,Social,Social,6,7,0.5709,239.64,1.2,0.4656,0.0284,0,11,High Performing
2025-02-04,About,Organic Search,Organic,9,10,0.5292,79.45,3.7,0.4164,0.0625,1,90,High Performing
2025-02-04,Blog,Social,Social,9,10,0.3926,485.13,1.49,0.597,0.0523,2,54,Average Performing
2025-02-04,Services,Organic Search,Organic,3,4,0.523,27.15,3.51,0.4647,0.0741,0,34,Average Performing
2025-02-04,Products,Paid Search,Paid,9,9,0.4124,227.75,5.45,0.5606,0.0681,1,81,Low Performing
2025-02-05,Products,Direct,Direct,4,4,0.5145,121.81,1.0,0.4739,0.0101,0,13,Low Performing
2025-02-05,Products,Organic Search,Organic,3,4,0.5465,106.89,1.39,0.4639,0.0408,0,24,Low Performing
2025-02-05,Services,Organic Search,Organic,8,8,0.5598,81.24,3.61,0.3614,0.0406,0,72,Average Performing
2025-02-05,Home,Direct,Direct,10,10,0.5107,337.58,1.0,0.451,0.016,0,12,Low Performing
2025-02-06,Blog,Paid Search,Paid,1,3,0.3976,233.62,3.86,0.5412,0.0661,0,23,Average Performing
2025-02-06,Products,Direct,Direct,10,11,0.4645,84.85,2.85,0.5327,0.076,0,95,Low Performing
2025-02-06,Contact,Organic Search,Organic,9,10,0.4764,43.49,3.02,0.493,0.0551,0,75,High Performing
2025-02-07,Services,Paid Search,Paid,3,6,0.5876,258.98,1.0,0.4504,0.0281,0,23,Average Performing
2025-02-07,About,Paid Search,Paid,1,3,0.543,141.21,1.0,0.4336,0.0222,0,13,High Performing
2025-02-07,Products,Referral,Referral,1,2,0.464,262.81,1.45,0.5452,0.0506,0,14,Low Performing
2025-02-08,Landing Page,Organic Search,Organic,2,2,0.5024,177.29,3.55,0.5091,0.0639,0,20,Average Performing
2025-02-08,Services,Paid Search,Paid,5,8,0.5705,223.3,1.0,0.4827,0.0401,0,48,Average Performing
2025-02-08,Landing Page,Organic Search,Organic,11,11,0.3937,259.43,5.28,0.5436,0.0357,0,141,Average Performing
2025-02-08,Blog,Direct,Direct,4,6,0.577,307.35,3.81,0.3951,0.0856,0,48,Average Performing
2025-02-08,Home,Direct,Direct,11,11,0.4743,270.03,1.54,0.5472,0.0293,0,48,Low Performing
2025-02-08,Services,Direct,Direct,10,10,0.5337,117.96,2.02,0.5398,0.0456,0,87,Average Performing
2025-02-08,Checkout,Social,Social,11,12,0.4569,285.88,2.21,0.594,0.0717,0,121,Average Performing
2025-02-09,Services,Direct,Direct,6,8,0.627,105.75,1.0,0.3956,0.0278,0,46,Average Performing
2025-02-09,Products,Paid Search,Paid,6,9,0.4428,52.78,4.29,0.5386,0.1023,2,101,Low Performing
2025-02-10,FAQ,Organic Search,Organic,6,6,0.4622,279.61,3.84,0.5644,0.0798,0,49,Low Performing
2025-02-10,Home,Organic Search,Organic,9,9,0.4664,53.53,2.7,0.5759,0.0277,0,57,Low Performing
2025-02-10,Blog,Organic Search,Organic,7,9,0.4779,196.32,1.0,0.4568,0.0171,0,50,Average Performing
2025-02-10,Blog,Referral,Referral,8,8,0.5328,216.84,1.33,0.4144,0.0373,0,47,Average Performing
2025-02-11,Services,Paid Search,Paid,1,2,0.5334,173.09,1.2,0.526,0.0251,0,6,Average Performing
2025-02-11,Pricing,Social,Social,7,8,0.4666,20.0,2.57,0.569,0.0721,1,48,High Performing
2025-02-11,Landing Page,Referral,Referral,3,3,0.3984,81.0,3.6,0.6247,0.0605,1,31,Average Performing
2025-02-11,About,Social,Social,11,13,0.463,151.42,2.61,0.5398,0.0484,0,77,High Performing
2025-02-11,Blog,Referral,Referral,9,10,0.548,210.92,1.88,0.5146,0.0538,0,21,Average Performing
2025-02-11,Pricing,Paid Search,Paid,10,11,0.5191,94.69,1.49,0.5062,0.0452,1,82,High Performing
2025-02-11,About,Paid Search,Paid,1,3,0.5501,332.92,1.01,0.4159,0.0153,0,13,High Performing
2025-02-11,Home,Direct,Direct,8,9,0.4831,293.11,3.15,0.5553,0.0478,0,69,Low Performing
2025-02-11,Landing Page,Organic Search,Organic,1,1,0.4769,294.22,1.0,0.609,0.0595,0,1,Average Performing
2025-02-11,Blog,Organic Search,Organic,10,10,0.6305,91.85,2.14,0.4127,0.0576,0,42,Average Performing
2025-02-11,Blog,Organic Search,Organic,7,7,0.4797,311.13,3.84,0.5535,0.0833,1,44,Average Performing
2025-02-11,Home,Direct,Direct,8,8,0.4815,481.08,1.36,0.5211,0.05,1,25,Low Performing
2025-02-12,Home,Organic Search,Organic,4,5,0.5793,79.39,4.22,0.4097,0.0726,0,55,Low Performing
2025-02-12,Home,Social,Social,11,12,0.5472,223.57,2.2,0.4537,0.0629,0,80,Low Performing
2025-02-12,Products,Direct,Direct,10,11,0.4806,44.26,3.2,0.5318,0.0724,0,66,Low Performing
2025-02-12,Services,Referral,Referral,4,4,0.4683,460.5,2.75,0.5268,0.0524,0,32,Average Performing
2025-02-12,Blog,Referral,Referral,6,7,0.5099,345.71,2.26,0.5374,0.077,0,29,Average Performing
2025-02-13,FAQ,Social,Social,2,2,0.5207,75.48,2.05,0.4733,0.0212,0,12,Low Performing
2025-02-13,Products,Organic Search,Organic,1,2,0.4434,215.15,2.41,0.5695,0.0417,0,14,Low Performing
2025-02-13,Pricing,Organic Search,Organic,8,9,0.4934,184.87,4.9,0.5332,0.0693,1,120,High Performing
2025-02-13,Products,Organic Search,Organic,5,5,0.4767,131.1,3.34,0.5341,0.0848,0,30,Low Performing
2025-02-13,FAQ,Direct,Direct,4,4,0.5398,74.2,3.82,0.4325,0.0634,0,44,Low Performing
2025-02-13,Checkout,Referral,Referral,4,5,0.5018,81.45,4.34,0.4957,0.0749,1,50,Average Performing
2025-02-13,Services,Direct,Direct,7,7,0.4102,41.35,3.87,0.5383,0.0665,1,65,Average Performing
2025-02-13,Landing Page,Organic Search,Organic,1,1,0.4639,50.15,2.16,0.5644,0.0354,0,4,Average Performing
2025-02-13,Products,Organic Search,Organic,7,7,0.5009,77.71,1.69,0.4989,0.0406,1,67,Low Performing
2025-02-14,Home,Referral,Referral,10,11,0.5434,282.42,2.73,0.4124,0.0623,2,118,Low Performing
2025-02-14,Landing Page,Referral,Referral,9,10,0.5232,230.97,3.42,0.4826,0.0471,1,87,Average Performing
2025-02-14,Blog,Paid Search,Paid,4,4,0.4509,93.45,2.85,0.5102,0.0742,0,24,Average Performing
2025-02-14,Services,Direct,Direct,9,11,0.3905,363.01,9.1,0.5969,0.1478,1,156,Average Performing
2025-02-14,Contact,Organic Search,Organic,2,2,0.5733,46.54,2.21,0.4312,0.0415,0,19,High Performing
2025-02-14,Products,Paid Search,Paid,11,14,0.5703,115.41,1.0,0.4009,0.0318,0,4,Low Performing
2025-02-14,FAQ,Direct,Direct,4,6,0.4847,34.91,3.14,0.4544,0.0349,1,58,Low Performing
2025-02-15,Landing Page,Paid Search,Paid,7,9,0.5056,322.41,5.35,0.5415,0.1119,1,117,Average Performing
2025-02-15,Contact,Referral,Referral,9,13,0.5895,75.88,1.0,0.3528,0.0215,0,64,High Performing
2025-02-15,Services,Referral,Referral,3,5,0.4383,61.46,3.43,0.4794,0.0461,0,24,Average Performing
2025-02-15,Services,Organic Search,Organic,7,8,0.6159,276.25,2.42,0.4026,0.0711,1,57,Average Performing
2025-02-15,Services,Direct,Direct,1,2,0.4991,182.05,2.4,0.5083,0.0098,0,15,Average Performing
2025-02-15,Landing Page,Organic Search,Organic,9,10,0.4566,295.71,3.79,0.6022,0.0619,0,73,Average Performing
2025-02-16,Home,Direct,Direct,3,4,0.5575,236.56,1.69,0.4351,0.0295,0,24,Low Performing
2025-02-16,Home,Direct,Direct,11,12,0.5271,135.18,2.14,0.4445,0.0547,0,43,Low Performing
2025-02-16,Pricing,Referral,Referral,6,7,0.5608,261.52,3.72,0.4972,0.033,0,55,High Performing
2025-02-16,Products,Paid Search,Paid,6,7,0.4655,188.58,2.76,0.6019,0.0691,0,32,Low Performing
2025-02-16,Contact,Organic Search,Organic,6,8,0.5824,104.48,1.48,0.3785,0.0639,0,34,High Performing
2025-02-16,Landing Page,Referral,Referral,11,11,0.4695,178.19,1.0,0.5152,0.057,2,62,Average Performing
2025-02-17,Landing Page,Organic Search,Organic,9,10,0.4826,408.03,3.48,0.5031,0.0585,2,140,Average Performing
2025-02-17,Home,Direct,Direct,1,1,0.5101,200.22,7.0,0.4584,0.0687,0,17,Low Performing
2025-02-17,Products,Organic Search,Organic,6,7,0.435,67.01,5.38,0.5779,0.0729,0,67,Low Performing
2025-02-17,Services,Organic Search,Organic,1,1,0.4224,122.03,3.43,0.6374,0.0594,0,7,Average Performing
2025-02-18,Pricing,Referral,Referral,2,3,0.6315,155.94,1.0,0.3518,0.0391,0,22,High Performing
2025-02-18,Pricing,Paid Search,Paid,2,3,0.4783,206.27,1.0,0.5382,0.03,0,15,High Performing
2025-02-18,Home,Direct,Direct,11,12,0.4872,92.95,2.76,0.5017,0.0555,1,101,Low Performing
2025-02-18,Services,Direct,Direct,7,8,0.5929,110.73,1.76,0.4444,0.0335,0,46,Average Performing
2025-02-18,Blog,Referral,Referral,8,8,0.3477,51.86,9.89,0.7131,0.1256,3,176,Average Performing
2025-02-18,Pricing,Organic Search,Organic,8,9,0.4777,77.96,4.11,0.4875,0.0979,1,77,High Performing
2025-02-19,Home,Organic Search,Organic,7,8,0.6338,309.36,3.64,0.3996,0.0418,1,55,Low Performing
2025-02-19,Services,Organic Search,Organic,10,12,0.5076,216.24,1.0,0.4722,0.0335,0,42,Average Performing
2025-02-19,Pricing,Paid Search,Paid,5,7,0.544,382.62,1.1,0.433,0.0267,0,53,High Performing
2025-02-19,Home,Organic Search,Organic,10,12,0.5158,170.85,2.54,0.4309,0.0531,0,72,Low Performing
2025-02-20,Landing Page,Social,Social,7,9,0.4435,68.67,1.52,0.5508,0.0427,0,48,Average Performing
2025-02-20,Services,Paid Search,Paid,2,3,0.4893,98.29,5.9,0.5636,0.114,1,29,Average Performing
2025-02-20,FAQ,Organic Search,Organic,7,7,0.425,212.57,5.53,0.5982,0.0851,1,101,Low Performing
2025-02-20,Products,Organic Search,Organic,2,5,0.4603,120.41,3.67,0.5776,0.0683,2,33,Low Performing
2025-02-20,Pricing,Organic Search,Organic,5,7,0.5003,107.13,1.0,0.4667,0.0589,0,36,High Performing
2025-02-20,Blog,Paid Search,Paid,1,3,0.5146,212.58,1.0,0.5305,0.0676,1,5,Average Performing
2025-02-21,FAQ,Social,Social,2,2,0.3766,100.15,5.9,0.6979,0.1136,0,31,Low Performing
2025-02-21,Products,Organic Search,Organic,10,11,0.4729,135.3,4.13,0.4138,0.0649,0,91,Low Performing
2025-02-21,Blog,Organic Search,Organic,11,12,0.4764,303.94,2.66,0.6029,0.078,3,127,Average Performing
2025-02-22,Checkout,Paid Search,Paid,10,12,0.4337,263.92,1.46,0.5936,0.0573,1,66,Average Performing
2025-02-22,Landing Page,Organic Search,Organic,3,3,0.4534,127.03,3.33,0.5328,0.0573,0,28,Average Performing
2025-02-23,Home,Organic Search,Organic,11,13,0.5197,185.28,1.47,0.4536,0.0229,2,56,Low Performing
2025-02-23,Pricing,Direct,Direct,11,12,0.3967,58.57,3.78,0.6151,0.0697,1,91,High Performing
2025-02-23,Blog,Referral,Referral,2,2,0.5107,211.08,2.34,0.4965,0.0461,0,8,Average Performing
2025-02-23,Home,Organic Search,Organic,1,3,0.5018,195.66,6.23,0.4684,0.0909,0,38,Low Performing
2025-02-23,Home,Organic Search,Organic,6,8,0.4144,140.39,1.75,0.5625,0.0142,0,42,Low Performing
2025-02-23,Blog,Social,Social,4,6,0.3556,465.35,1.16,0.5979,0.0255,0,23,Average Performing
2025-02-24,Blog,Paid Search,Paid,2,3,0.4615,49.9,5.16,0.5774,0.0888,0,29,Average Performing
2025-02-24,About,Direct,Direct,7,8,0.4403,236.47,2.73,0.5369,0.0825,1,40,High Performing
2025-02-24,Home,Social,Social,7,9,0.459,131.27,4.99,0.4938,0.0658,0,96,Low Performing
2025-02-24,Checkout,Paid Search,Paid,9,9,0.4168,548.46,1.42,0.5466,0.0414,0,52,Average Performing
2025-02-24,Contact,Referral,Referral,7,8,0.5201,177.48,1.29,0.4385,0.0396,0,49,High Performing
2025-02-24,Services,Organic Search,Organic,9,9,0.5276,88.57,1.02,0.4616,0.0291,0,73,Average Performing
2025-02-25,Landing Page,Organic Search,Organic,10,12,0.434,246.71,2.67,0.5287,0.0433,0,99,Average Performing
2025-02-25,Home,Paid Search,Paid,6,8,0.4702,250.97,3.07,0.5982,0.0511,0,74,Low Performing
2025-02-25,FAQ,Organic Search,Organic,8,10,0.4949,273.87,3.64,0.5269,0.0631,0,113,Low Performing
2025-02-25,Products,Direct,Direct,3,4,0.5209,127.88,1.0,0.4715,0.0365,0,24,Low Performing
2025-02-25,About,Paid Search,Paid,3,6,0.5575,233.3,4.82,0.4409,0.0821,1,39,High Performing
2025-02-25,Services,Organic Search,Organic,5,5,0.5467,136.46,6.0,0.3805,0.0962,1,62,Average Performing
2025-02-26,Home,Social,Social,8,10,0.6094,177.21,2.12,0.4381,0.0614,2,41,Low Performing
2025-02-26,Home,Referral,Referral,3,6,0.5628,94.74,1.32,0.4836,0.0417,0,36,Low Performing
2025-02-26,Blog,Paid Search,Paid,1,1,0.3838,425.66,4.68,0.6453,0.0937,0,10,Average Performing
2025-02-26,FAQ,Direct,Direct,11,12,0.4611,181.98,4.63,0.5207,0.0675,0,127,Low Performing
2025-02-26,Landing Page,Social,Social,9,10,0.4434,267.02,2.24,0.4724,0.0321,0,39,Average Performing
2025-02-26,FAQ,Direct,Direct,7,7,0.4449,20.3,1.81,0.4953,0.0394,1,38,Low Performing
2025-02-26,Services,Paid Search,Paid,1,3,0.4756,143.13,4.06,0.5257,0.069,0,26,Average Performing
2025-02-27,FAQ,Direct,Direct,10,12,0.4953,191.36,1.77,0.5377,0.0762,2,48,Low Performing
2025-02-27,Checkout,Organic Search,Organic,10,10,0.4135,326.4,1.4,0.5085,0.0385,0,19,Average Performing
2025-02-27,Products,Direct,Direct,6,9,0.476,291.0,1.72,0.5618,0.0423,1,48,Low Performing
2025-02-27,Services,Organic Search,Organic,11,14,0.4638,163.79,3.17,0.5504,0.0372,0,97,Average Performing
2025-02-27,FAQ,Direct,Direct,7,7,0.5457,147.82,2.29,0.4261,0.0549,0,23,Low Performing
2025-02-28,Home,Organic Search,Organic,7,7,0.4916,151.76,2.05,0.4405,0.0378,1,28,Low Performing
2025-02-28,Services,Organic Search,Organic,3,3,0.5121,98.09,4.86,0.4422,0.1096,0,38,Average Performing
2025-02-28,Home,Paid Search,Paid,5,8,0.5253,190.84,2.82,0.4631,0.0508,1,82,Low Performing
2025-03-01,About,Organic Search,Organic,8,9,0.4378,221.28,2.1,0.5826,0.0451,0,89,High Performing
2025-03-01,Pricing,Organic Search,Organic,8,9,0.3862,374.47,2.17,0.6254,0.0708,2,40,High Performing
2025-03-02,Services,Organic Search,Organic,3,5,0.4745,150.42,1.0,0.4893,0.0336,0,8,Average Performing
2025-03-02,Landing Page,Paid Search,Paid,2,2,0.4461,145.07,1.89,0.5684,0.0617,0,16,Average Performing
2025-03-02,Products,Paid Search,Paid,11,12,0.4145,89.3,1.33,0.578,0.019,0,55,Low Performing
2025-03-03,Blog,Organic Search,Organic,2,3,0.4616,206.58,1.0,0.4741,0.0316,0,13,Average Performing
2025-03-03,Blog,Direct,Direct,4,6,0.5032,192.86,3.22,0.4723,0.0668,0,50,Average Performing
2025-03-03,Pricing,Organic Search,Organic,11,13,0.4968,101.57,2.85,0.5327,0.0297,1,85,High Performing
2025-03-03,About,Social,Social,1,1,0.5352,126.32,4.99,0.4733,0.1081,0,12,High Performing
2025-03-03,Services,Organic Search,Organic,1,1,0.5674,442.32,1.0,0.4512,0.0628,0,6,Average Performing
2025-03-04,Products,Referral,Referral,5,6,0.4874,466.2,5.53,0.5671,0.1082,2,55,Low Performing
2025-03-04,Home,Organic Search,Organic,7,9,0.4965,84.47,2.58,0.4409,0.0451,0,37,Low Performing
2025-03-04,Landing Page,Referral,Referral,3,4,0.4597,236.28,6.33,0.5162,0.1127,1,52,Average Performing
2025-03-04,Products,Organic Search,Organic,7,10,0.4351,141.36,1.72,0.5317,0.0359,0,45,Low Performing
2025-03-04,Pricing,Organic Search,Organic,6,6,0.4403,64.03,3.01,0.5882,0.0491,0,36,High Performing
2025-03-05,Landing Page,Direct,Direct,4,5,0.5023,104.24,1.87,0.5258,0.0564,0,24,Average Performing
2025-03-05,About,Referral,Referral,5,7,0.4496,20.0,3.48,0.5639,0.0804,1,72,High Performing
2025-03-05,Blog,Organic Search,Organic,10,12,0.4819,47.57,1.0,0.4589,0.037,0,20,Average Performing
2025-03-05,Contact,Organic Search,Organic,2,3,0.5323,221.85,4.1,0.4692,0.0436,0,29,High Performing
2025-03-06,Home,Direct,Direct,10,12,0.4299,214.45,3.09,0.588,0.0851,2,103,Low Performing
2025-03-06,Landing Page,Direct,Direct,6,6,0.491,331.93,3.87,0.539,0.1108,1,58,Average Performing
2025-03-06,Landing Page,Referral,Referral,8,9,0.4316,88.07,3.8,0.525,0.0549,0,90,Average Performing
2025-03-06,Services,Social,Social,2,2,0.4746,120.93,4.28,0.5323,0.0451,0,17,Average Performing
2025-03-06,About,Paid Search,Paid,3,4,0.4941,34.21,1.0,0.4992,0.0178,0,5,High Performing
2025-03-07,Services,Direct,Direct,7,9,0.5179,283.2,3.59,0.5419,0.0662,0,75,Average Performing
2025-03-07,Home,Organic Search,Organic,10,12,0.4577,354.68,3.84,0.5568,0.0679,0,143,Low Performing
2025-03-07,Products,Organic Search,Organic,6,8,0.426,449.16,3.04,0.545,0.1089,2,47,Low Performing
2025-03-07,FAQ,Organic Search,Organic,10,11,0.5105,180.35,4.39,0.5523,0.0241,1,89,Low Performing
2025-03-08,Products,Referral,Referral,7,8,0.5371,177.21,5.13,0.4578,0.0704,1,97,Low Performing
2025-03-08,Home,Paid Search,Paid,11,12,0.5223,304.58,2.79,0.5169,0.0863,1,74,Low Performing
2025-03-08,Products,Social,Social,9,12,0.4853,138.59,2.78,0.5354,0.0463,0,70,Low Performing
2025-03-09,Home,Referral,Referral,6,9,0.3913,199.39,2.84,0.6585,0.0571,1,76,Low Performing
2025-03-09,Pricing,Organic Search,Organic,6,7,0.6443,141.14,1.23,0.3759,0.0389,0,27,High Performing
2025-03-09,Home,Referral,Referral,4,5,0.407,428.71,2.13,0.6094,0.0798,0,27,Low Performing
2025-03-09,Landing Page,Organic Search,Organic,4,6,0.3655,76.88,4.52,0.6154,0.0803,2,43,Average Performing
2025-03-09,Landing Page,Social,Social,6,8,0.5121,222.24,1.0,0.5137,0.0136,0,33,Average Performing
2025-03-09,Home,Organic Search,Organic,5,6,0.425,294.93,6.37,0.6447,0.0908,1,70,Low Performing
2025-03-09,Products,Paid Search,Paid,1,1,0.5125,393.54,1.86,0.5007,0.0643,0,3,Low Performing
2025-03-10,Services,Social,Social,3,4,0.333,42.84,3.02,0.6211,0.0483,1,29,Average Performing
2025-03-10,Pricing,Direct,Direct,9,9,0.5434,20.0,2.04,0.4823,0.06,2,54,High Performing
2025-03-10,Products,Paid Search,Paid,9,11,0.3309,150.62,10.34,0.7496,0.1548,1,252,Low Performing
2025-03-10,Blog,Social,Social,11,11,0.5751,37.93,2.49,0.3644,0.0456,1,57,Average Performing
2025-03-10,Home,Organic Search,Organic,7,7,0.4741,221.54,2.98,0.4948,0.0529,0,12,Low Performing
2025-03-10,Landing Page,Social,Social,10,11,0.5976,352.14,1.33,0.3783,0.0686,0,61,Average Performing
2025-03-10,FAQ,Direct,Direct,3,4,0.4861,39.5,3.8,0.5439,0.0428,0,43,Low Performing
2025-03-11,FAQ,Direct,Direct,1,3,0.4381,114.33,1.0,0.5698,0.0307,0,10,Low Performing
2025-03-11,Blog,Referral,Referral,11,11,0.5351,286.76,1.0,0.4519,0.0501,0,75,Average Performing
2025-03-11,Pricing,Paid Search,Paid,3,3,0.4388,36.09,4.49,0.6275,0.097,0,38,High Performing
2025-03-11,Services,Organic Search,Organic,9,9,0.5042,132.15,1.2,0.4653,0.0386,0,39,Average Performing
2025-03-11,Home,Paid Search,Paid,2,4,0.5844,106.9,1.55,0.3885,0.0264,0,26,Low Performing
2025-03-11,Checkout,Paid Search,Paid,2,3,0.4736,221.09,2.48,0.5157,0.0736,0,21,Average Performing
2025-03-11,Pricing,Organic Search,Organic,7,8,0.4609,200.11,1.0,0.5189,0.0505,1,38,High Performing
2025-03-11,Products,Direct,Direct,5,7,0.5129,173.43,3.61,0.4284,0.0514,0,58,Low Performing
2025-03-12,Products,Social,Social,9,12,0.4699,133.51,7.57,0.5552,0.122,0,195,Low Performing
2025-03-12,Blog,Direct,Direct,8,8,0.4741,24.21,1.96,0.5053,0.0414,0,26,Average Performing
2025-03-12,Landing Page,Social,Social,7,10,0.4715,98.75,1.0,0.565,0.0464,0,46,Average Performing
2025-03-12,Checkout,Referral,Referral,4,5,0.5028,161.79,5.54,0.5285,0.0832,1,66,Average Performing
2025-03-12,Home,Organic Search,Organic,7,9,0.5674,70.64,3.13,0.4358,0.0524,0,64,Low Performing
2025-03-12,Home,Direct,Direct,9,9,0.6048,241.14,1.0,0.4043,0.0405,1,45,Low Performing
2025-03-12,Pricing,Organic Search,Organic,10,11,0.4467,106.16,7.41,0.53,0.1255,0,136,High Performing
2025-03-12,FAQ,Organic Search,Organic,3,4,0.5241,202.02,1.65,0.474,0.041,0,12,Low Performing
2025-03-13,Services,Organic Search,Organic,3,4,0.3963,287.34,5.5,0.569,0.0677,0,62,Average Performing
2025-03-13,Checkout,Paid Search,Paid,1,2,0.5325,51.76,5.26,0.4549,0.0769,0,18,Average Performing
2025-03-13,Contact,Organic Search,Organic,2,4,0.4903,60.26,1.03,0.5088,0.0409,0,16,High Performing
2025-03-13,Blog,Organic Search,Organic,3,3,0.4955,65.56,2.57,0.5369,0.0716,0,21,Average Performing
2025-03-14,Home,Direct,Direct,1,2,0.3734,95.31,1.92,0.6233,0.0698,0,9,Low Performing
2025-03-14,Home,Paid Search,Paid,8,10,0.5082,125.29,2.99,0.5363,0.067,4,80,Low Performing
2025-03-14,Services,Organic Search,Organic,10,11,0.5509,86.18,2.23,0.4587,0.0402,0,74,Average Performing
2025-03-14,Contact,Social,Social,8,11,0.5003,70.81,1.73,0.4884,0.0643,0,78,High Performing
2025-03-15,FAQ,Direct,Direct,4,5,0.5594,94.12,1.0,0.4304,0.0365,0,14,Low Performing
2025-03-15,Services,Direct,Direct,11,11,0.4964,279.38,2.05,0.4628,0.0541,0,96,Average Performing
2025-03-15,Checkout,Direct,Direct,11,12,0.5403,164.72,1.99,0.4743,0.0216,0,101,Average Performing
2025-03-15,Pricing,Organic Search,Organic,11,13,0.5696,188.46,2.32,0.3836,0.0303,0,101,High Performing
2025-03-15,Home,Direct,Direct,2,2,0.3608,190.52,6.16,0.5609,0.0871,0,23,Low Performing
2025-03-15,Home,Direct,Direct,10,12,0.4496,47.86,1.82,0.5044,0.0502,0,41,Low Performing
2025-03-15,Contact,Direct,Direct,8,8,0.5133,231.79,5.92,0.5324,0.1215,1,126,High Performing
2025-03-16,Blog,Paid Search,Paid,1,1,0.417,174.54,1.64,0.6144,0.0614,0,6,Average Performing
2025-03-16,Home,Direct,Direct,4,6,0.5502,180.18,1.65,0.4536,0.0683,2,45,Low Performing
2025-03-16,Services,Paid Search,Paid,7,9,0.4159,195.66,7.41,0.5417,0.1139,2,142,Average Performing
2025-03-16,Services,Organic Search,Organic,3,5,0.5381,149.8,2.19,0.4238,0.0214,0,42,Average Performing
2025-03-16,Pricing,Referral,Referral,11,14,0.4639,146.18,1.68,0.5578,0.0085,0,73,High Performing
2025-03-16,Landing Page,Organic Search,Organic,5,6,0.4519,171.62,3.65,0.5267,0.0781,1,54,Average Performing
2025-03-16,Pricing,Paid Search,Paid,7,8,0.4703,534.25,2.83,0.5481,0.0616,1,33,High Performing
2025-03-17,Pricing,Direct,Direct,8,9,0.4757,69.56,1.02,0.5038,0.0221,0,51,High Performing
2025-03-17,Landing Page,Social,Social,6,8,0.5141,101.97,1.41,0.4749,0.0,0,47,Average Performing
2025-03-17,Contact,Direct,Direct,8,9,0.4677,238.1,4.3,0.5312,0.0908,0,86,High Performing
2025-03-17,Pricing,Direct,Direct,2,3,0.3814,165.43,2.57,0.5227,0.0409,1,15,High Performing
2025-03-17,Services,Direct,Direct,8,10,0.5251,99.01,1.84,0.4205,0.0418,0,32,Average Performing
2025-03-17,Landing Page,Paid Search,Paid,6,8,0.5562,88.93,3.96,0.4189,0.0665,1,56,Average Performing
2025-03-17,Products,Paid Search,Paid,3,3,0.4634,83.01,1.0,0.5139,0.0483,0,12,Low Performing
2025-03-17,Services,Organic Search,Organic,11,12,0.4782,365.7,1.88,0.5474,0.0649,0,44,Average Performing
2025-03-18,Products,Referral,Referral,11,12,0.4692,77.77,1.0,0.5771,0.0322,0,78,Low Performing
2025-03-18,Products,Referral,Referral,10,11,0.519,266.35,1.77,0.5249,0.0474,0,74,Low Performing
2025-03-18,Products,Organic Search,Organic,5,8,0.4788,56.1,3.42,0.5812,0.068,0,86,Low Performing
2025-03-18,Checkout,Direct,Direct,4,5,0.4463,207.23,4.46,0.6005,0.066,0,23,Average Performing
2025-03-18,Products,Referral,Referral,6,8,0.5068,370.07,3.35,0.4453,0.1043,3,73,Low Performing
2025-03-18,Pricing,Referral,Referral,7,7,0.4279,161.94,2.99,0.5427,0.0595,0,63,High Performing
2025-03-19,Blog,Organic Search,Organic,2,3,0.6201,93.37,1.1,0.38,0.0122,0,14,Average Performing
2025-03-19,Contact,Organic Search,Organic,7,7,0.4167,173.12,5.64,0.5726,0.0803,1,66,High Performing
2025-03-19,Landing Page,Organic Search,Organic,11,11,0.483,324.22,4.42,0.5444,0.0888,3,120,Average Performing
2025-03-19,Blog,Direct,Direct,6,6,0.4066,75.82,5.18,0.5121,0.1026,0,56,Average Performing
2025-03-19,Products,Social,Social,8,9,0.5592,20.0,2.33,0.3811,0.0318,0,71,Low Performing
2025-03-19,Products,Organic Search,Organic,11,13,0.5464,98.13,2.23,0.369,0.0294,0,62,Low Performing
2025-03-19,Home,Organic Search,Organic,2,3,0.5264,178.51,1.4,0.4933,0.0528,0,13,Low Performing
2025-03-20,Products,Organic Search,Organic,10,10,0.4936,41.85,1.0,0.4768,0.0275,0,44,Low Performing
2025-03-20,Contact,Organic Search,Organic,7,8,0.4563,258.0,4.21,0.4646,0.0961,1,67,High Performing
2025-03-20,Home,Direct,Direct,8,9,0.494,383.51,2.44,0.505,0.0671,1,63,Low Performing
2025-03-20,Pricing,Organic Search,Organic,9,10,0.4784,192.35,1.0,0.5066,0.0678,0,49,High Performing
2025-03-20,Contact,Referral,Referral,2,3,0.422,169.7,1.0,0.6261,0.0191,0,1,High Performing
2025-03-20,Blog,Social,Social,5,7,0.4206,111.57,4.52,0.6273,0.0603,0,82,Average Performing
2025-03-20,Checkout,Referral,Referral,5,8,0.5589,122.84,6.62,0.4093,0.0891,0,120,Average Performing
2025-03-20,Pricing,Organic Search,Organic,9,12,0.492,31.82,2.57,0.567,0.0331,0,74,High Performing
2025-03-20,Pricing,Direct,Direct,5,5,0.5781,129.43,1.8,0.3496,0.0512,0,38,High Performing
2025-03-21,Blog,Organic Search,Organic,11,12,0.414,62.03,2.3,0.5551,0.0538,0,87,Average Performing
2025-03-21,Landing Page,Paid Search,Paid,9,10,0.5142,217.52,2.05,0.5075,0.0412,1,31,Average Performing
2025-03-21,Contact,Organic Search,Organic,3,4,0.5545,199.58,1.0,0.4341,0.0256,0,16,High Performing
2025-03-21,Home,Organic Search,Organic,8,9,0.5604,61.35,4.72,0.4549,0.0777,1,96,Low Performing
2025-03-22,Services,Organic Search,Organic,4,6,0.4916,136.69,3.54,0.566,0.0595,0,22,Average Performing
2025-03-22,Home,Direct,Direct,2,2,0.4836,235.5,5.15,0.4508,0.0536,0,22,Low Performing
2025-03-22,Landing Page,Paid Search,Paid,1,1,0.4594,112.35,5.2,0.5526,0.1014,0,10,Average Performing
2025-03-22,Services,Organic Search,Organic,10,13,0.4283,258.28,5.29,0.5909,0.0887,1,182,Average Performing
2025-03-23,Blog,Direct,Direct,7,8,0.4791,454.19,1.0,0.5404,0.0583,1,25,Average Performing
2025-03-23,Services,Social,Social,9,9,0.5283,25.96,2.75,0.4495,0.0662,1,59,Average Performing
2025-03-23,Products,Social,Social,4,5,0.4498,126.47,3.61,0.5198,0.0974,0,49,Low Performing
2025-03-23,Pricing,Social,Social,7,8,0.4309,333.55,1.21,0.5776,0.0586,0,27,High Performing
2025-03-23,Home,Paid Search,Paid,6,6,0.3916,82.03,2.29,0.5905,0.0106,0,35,Low Performing
2025-03-23,Services,Direct,Direct,3,4,0.6018,217.72,2.78,0.4449,0.0606,0,26,Average Performing
2025-03-23,Contact,Referral,Referral,10,10,0.4958,213.08,2.9,0.4273,0.0297,0,46,High Performing
2025-03-24,Products,Organic Search,Organic,4,6,0.4122,464.01,4.12,0.5627,0.0857,0,52,Low Performing
2025-03-24,Landing Page,Organic Search,Organic,6,8,0.566,129.76,2.69,0.3437,0.0455,0,80,Average Performing
2025-03-24,Blog,Paid Search,Paid,3,4,0.4628,99.09,2.27,0.5617,0.0551,0,18,Average Performing
2025-03-24,Home,Direct,Direct,1,4,0.4765,144.64,2.98,0.5474,0.0593,1,29,Low Performing
2025-03-25,About,Direct,Direct,8,8,0.4825,217.94,8.41,0.4554,0.1262,1,143,High Performing
2025-03-25,Services,Organic Search,Organic,10,13,0.5601,82.55,1.26,0.4324,0.0568,0,56,Average Performing
2025-03-25,Blog,Organic Search,Organic,6,6,0.5202,245.41,2.36,0.4612,0.0724,1,36,Average Performing
2025-03-25,Home,Organic Search,Organic,1,3,0.4657,426.62,3.01,0.5012,0.0652,0,21,Low Performing
2025-03-25,Home,Organic Search,Organic,6,7,0.5229,401.71,2.48,0.4835,0.0514,0,44,Low Performing
2025-03-26,Pricing,Referral,Referral,5,6,0.5325,216.38,1.04,0.4194,0.0065,0,29,High Performing
2025-03-26,Home,Paid Search,Paid,1,4,0.4269,392.24,2.76,0.6182,0.0954,1,30,Low Performing
2025-03-26,Products,Social,Social,2,3,0.5126,392.32,5.55,0.486,0.0969,0,48,Low Performing
2025-03-26,FAQ,Organic Search,Organic,9,10,0.354,258.43,3.66,0.6263,0.0567,0,35,Low Performing
2025-03-26,Contact,Paid Search,Paid,4,5,0.5408,91.31,4.8,0.4617,0.0894,1,50,High Performing
2025-03-26,Landing Page,Direct,Direct,2,2,0.523,104.31,1.0,0.5047,0.0145,0,4,Average Performing
2025-03-26,Products,Social,Social,11,12,0.4532,72.33,5.21,0.5511,0.1087,0,164,Low Performing
2025-03-26,FAQ,Direct,Direct,10,11,0.4228,143.9,4.64,0.4946,0.0872,1,121,Low Performing
2025-03-27,Home,Referral,Referral,5,5,0.569,45.49,1.37,0.4593,0.0185,0,48,Low Performing
2025-03-27,Blog,Organic Search,Organic,3,3,0.4876,207.93,5.06,0.485,0.1031,1,38,Average Performing
2025-03-27,Services,Direct,Direct,4,7,0.4179,276.61,3.55,0.6871,0.0733,0,83,Average Performing
2025-03-28,Products,Direct,Direct,11,11,0.5208,146.11,3.09,0.5102,0.0508,0,87,Low Performing
2025-03-28,Services,Organic Search,Organic,5,5,0.5084,135.79,2.02,0.4824,0.0511,0,32,Average Performing
2025-03-28,Pricing,Paid Search,Paid,2,4,0.4438,108.99,2.15,0.5853,0.0531,0,23,High Performing
2025-03-28,Home,Organic Search,Organic,7,7,0.5749,96.82,1.08,0.3994,0.031,0,25,Low Performing
2025-03-28,Services,Direct,Direct,7,8,0.5518,113.79,3.51,0.443,0.0556,0,65,Average Performing
2025-03-28,Home,Paid Search,Paid,6,7,0.4682,49.81,8.46,0.5046,0.1231,2,125,Low Performing
2025-03-28,Home,Direct,Direct,4,5,0.4288,658.78,1.0,0.6767,0.046,0,13,Low Performing
2025-03-28,Home,Organic Search,Organic,6,7,0.514,98.34,2.9,0.5079,0.051,0,53,Low Performing
2025-03-29,Contact,Organic Search,Organic,5,6,0.4802,100.44,1.49,0.5282,0.0236,0,33,High Performing
2025-03-29,Home,Paid Search,Paid,1,4,0.5712,218.92,4.2,0.4517,0.0647,0,38,Low Performing
2025-03-29,Home,Organic Search,Organic,3,5,0.5284,292.53,4.43,0.4267,0.1079,1,33,Low Performing
2025-03-29,Services,Direct,Direct,9,9,0.5272,359.59,1.36,0.505,0.0444,0,50,Average Performing
2025-03-29,Home,Social,Social,7,8,0.4853,24.43,7.81,0.5374,0.1503,1,147,Low Performing
2025-03-29,Products,Direct,Direct,1,5,0.5692,47.02,2.96,0.4383,0.0776,1,29,Low Performing
2025-03-30,FAQ,Organic Search,Organic,9,10,0.4381,170.29,2.51,0.5717,0.0344,0,44,Low Performing
2025-03-30,Blog,Social,Social,11,11,0.6619,163.66,3.5,0.3085,0.053,0,116,Average Performing
2025-03-30,Landing Page,Organic Search,Organic,10,10,0.4326,245.53,6.55,0.5148,0.1296,1,143,Average Performing
2025-03-30,Products,Referral,Referral,8,8,0.4866,186.54,1.53,0.4814,0.0456,0,46,Low Performing
2025-03-30,Contact,Paid Search,Paid,6,7,0.4514,333.66,7.04,0.5611,0.131,1,107,High Performing
2025-03-30,Home,Organic Search,Organic,7,9,0.4824,146.79,1.74,0.4738,0.0662,1,40,Low Performing
2025-03-30,Services,Referral,Referral,10,10,0.503,143.2,4.23,0.489,0.0856,0,125,Average Performing
2025-03-31,About,Organic Search,Organic,6,6,0.4223,491.07,1.23,0.5981,0.0166,0,29,High Performing
2025-03-31,Home,Paid Search,Paid,4,6,0.4762,144.57,2.94,0.5341,0.045,0,55,Low Performing
2025-03-31,Products,Social,Social,4,4,0.5284,248.24,3.44,0.4697,0.0776,0,39,Low Performing
2025-03-31,Contact,Direct,Direct,11,13,0.4236,145.64,1.35,0.5972,0.0612,2,57,High Performing
2025-03-31,Services,Referral,Referral,8,9,0.4445,294.19,2.89,0.5711,0.0498,1,54,Average Performing
2025-03-31,Blog,Social,Social,10,10,0.5141,354.3,1.82,0.4684,0.0515,0,42,Average Performing
2025-03-31,Home,Organic Search,Organic,11,12,0.5343,123.11,1.0,0.4571,0.0484,2,100,Low Performing
2025-03-31,Blog,Paid Search,Paid,2,6,0.5954,126.39,1.49,0.5056,0.0135,0,36,Average Performing
2025-03-31,Home,Paid Search,Paid,1,2,0.4348,463.73,2.6,0.6129,0.0968,0,8,Low Performing
2025-04-02,Blog,Referral,Referral,11,11,0.512,228.93,4.66,0.501,0.0426,0,87,Average Performing
2025-04-02,Home,Paid Search,Paid,4,4,0.5666,378.97,1.25,0.406,0.0564,1,7,Low Performing
2025-04-02,Landing Page,Paid Search,Paid,9,12,0.5166,186.38,5.33,0.4646,0.0984,2,114,Average Performing
2025-04-02,Contact,Organic Search,Organic,6,6,0.4826,242.31,7.17,0.5128,0.1164,1,109,High Performing
2025-04-02,Services,Organic Search,Organic,9,13,0.4536,244.2,1.91,0.5661,0.0546,0,108,Average Performing
2025-04-03,Home,Social,Social,10,12,0.5343,222.45,3.43,0.4755,0.0848,3,114,Low Performing
2025-04-03,Pricing,Organic Search,Organic,11,11,0.5055,203.57,1.0,0.4682,0.0016,0,85,High Performing
2025-04-03,FAQ,Direct,Direct,10,11,0.5855,304.32,1.79,0.4136,0.0588,0,94,Low Performing
2025-04-03,Pricing,Organic Search,Organic,10,12,0.4967,175.05,2.25,0.5268,0.0352,0,111,High Performing
2025-04-03,Blog,Paid Search,Paid,5,5,0.485,593.5,2.77,0.5166,0.0814,0,38,Average Performing
2025-04-03,Landing Page,Organic Search,Organic,9,13,0.573,192.52,4.39,0.4004,0.0803,2,123,Average Performing
2025-04-04,Services,Referral,Referral,5,5,0.4686,126.05,1.0,0.4904,0.0229,0,25,Average Performing
2025-04-04,Contact,Paid Search,Paid,10,10,0.4615,115.67,3.55,0.553,0.0752,2,62,High Performing
2025-04-04,Landing Page,Organic Search,Organic,7,8,0.4332,202.97,3.43,0.5322,0.0135,0,52,Average Performing
2025-04-05,Landing Page,Referral,Referral,4,5,0.5856,130.38,4.58,0.4703,0.0847,0,58,Average Performing
2025-04-05,Products,Referral,Referral,10,13,0.4545,107.61,3.39,0.5622,0.0764,1,83,Low Performing
2025-04-05,About,Direct,Direct,6,8,0.4976,126.45,2.51,0.4689,0.0688,0,57,High Performing
2025-04-05,Blog,Paid Search,Paid,9,9,0.6079,326.58,1.0,0.3612,0.0315,0,35,Average Performing
2025-04-05,Pricing,Organic Search,Organic,2,3,0.5124,196.78,1.24,0.5502,0.0492,0,11,High Performing
2025-04-05,About,Organic Search,Organic,9,9,0.4936,153.46,2.21,0.4415,0.0384,0,61,High Performing
2025-04-05,Home,Paid Search,Paid,2,2,0.5328,164.77,3.27,0.4796,0.0818,0,21,Low Performing
2025-04-05,Blog,Social,Social,10,10,0.5434,87.32,5.56,0.4536,0.0724,0,150,Average Performing
2025-04-05,Home,Referral,Referral,1,1,0.3829,90.54,1.0,0.638,0.026,0,2,Low Performing
2025-04-06,Home,Organic Search,Organic,7,7,0.4707,78.22,2.28,0.5432,0.0386,0,54,Low Performing
2025-04-06,Pricing,Organic Search,Organic,6,7,0.4933,50.08,3.52,0.4508,0.0598,0,96,High Performing
2025-04-06,Blog,Social,Social,11,14,0.4652,201.35,1.0,0.578,0.0172,0,88,Average Performing
2025-04-06,Pricing,Referral,Referral,4,5,0.5337,95.62,2.05,0.4857,0.0714,0,32,High Performing
2025-04-06,Services,Paid Search,Paid,9,12,0.4366,56.18,3.87,0.5208,0.0544,1,93,Average Performing
2025-04-07,Pricing,Direct,Direct,3,5,0.4951,159.08,1.52,0.4115,0.0326,0,30,High Performing
2025-04-07,Products,Referral,Referral,8,9,0.4358,55.15,3.86,0.5405,0.0883,0,94,Low Performing
2025-04-07,FAQ,Direct,Direct,1,3,0.4625,102.95,4.14,0.5522,0.0645,0,25,Low Performing
2025-04-07,Contact,Direct,Direct,10,10,0.5053,225.12,4.13,0.4231,0.0697,0,81,High Performing
2025-04-07,Services,Organic Search,Organic,5,6,0.5634,73.08,1.0,0.3615,0.0414,0,19,Average Performing
2025-04-07,Blog,Direct,Direct,3,3,0.5369,118.63,3.16,0.5175,0.0626,0,26,Average Performing
2025-04-07,Services,Direct,Direct,3,7,0.4652,421.59,1.33,0.5465,0.03,0,7,Average Performing
2025-04-07,Home,Organic Search,Organic,4,5,0.534,177.86,1.13,0.516,0.0389,0,20,Low Performing
2025-04-07,Products,Direct,Direct,11,12,0.4329,368.91,2.55,0.5628,0.0371,1,54,Low Performing
2025-04-08,Products,Organic Search,Organic,6,8,0.6138,125.44,1.0,0.3559,0.038,0,12,Low Performing
2025-04-08,FAQ,Organic Search,Organic,6,6,0.5809,231.27,1.67,0.453,0.0448,0,11,Low Performing
2025-04-08,Products,Paid Search,Paid,8,9,0.5544,163.8,3.68,0.4719,0.0622,1,65,Low Performing
2025-04-08,Pricing,Paid Search,Paid,4,4,0.5371,181.64,1.55,0.4955,0.0468,0,24,High Performing
2025-04-08,Home,Referral,Referral,8,9,0.5645,77.87,4.86,0.4247,0.1024,0,100,Low Performing
2025-04-08,Services,Organic Search,Organic,1,2,0.4723,222.66,1.81,0.4909,0.0552,0,20,Average Performing
2025-04-08,Home,Paid Search,Paid,10,12,0.3244,245.1,3.2,0.6698,0.0414,0,82,Low Performing
2025-04-08,FAQ,Paid Search,Paid,1,1,0.3942,361.95,3.17,0.5782,0.0853,0,6,Low Performing
2025-04-08,Home,Organic Search,Organic,4,4,0.4505,369.52,4.17,0.5489,0.0831,0,38,Low Performing
2025-04-09,Home,Social,Social,10,11,0.4332,276.29,1.62,0.588,0.0226,0,31,Low Performing
2025-04-09,Checkout,Organic Search,Organic,3,3,0.5048,340.03,4.29,0.4641,0.0794,0,33,Average Performing
2025-04-09,Blog,Referral,Referral,3,3,0.5828,274.55,1.22,0.3522,0.0477,0,4,Average Performing
2025-04-09,Services,Organic Search,Organic,5,5,0.5091,166.93,1.0,0.4431,0.0348,0,21,Average Performing
2025-04-09,Products,Organic Search,Organic,6,9,0.4691,216.93,1.37,0.4846,0.0469,0,22,Low Performing
2025-04-09,Blog,Direct,Direct,2,4,0.4704,154.83,2.94,0.5693,0.0411,0,35,Average Performing
2025-04-09,Products,Organic Search,Organic,1,2,0.5312,148.18,2.01,0.5008,0.0568,0,8,Low Performing
2025-04-09,Contact,Referral,Referral,5,7,0.584,457.27,2.7,0.4103,0.0779,0,33,High Performing
2025-04-09,Contact,Organic Search,Organic,6,7,0.4124,328.41,1.8,0.5728,0.0712,0,25,High Performing
2025-04-10,Home,Social,Social,9,11,0.4793,59.98,3.72,0.52,0.0681,1,97,Low Performing
2025-04-10,Pricing,Referral,Referral,5,6,0.5048,167.11,3.68,0.4909,0.0705,1,59,High Performing
2025-04-10,Services,Organic Search,Organic,6,6,0.435,164.58,3.85,0.57,0.0668,2,49,Average Performing
2025-04-10,Home,Organic Search,Organic,3,4,0.4717,212.97,2.69,0.5198,0.0762,0,24,Low Performing
2025-04-10,Blog,Direct,Direct,7,8,0.5174,49.4,1.21,0.4595,0.0508,0,36,Average Performing
2025-04-11,Home,Direct,Direct,7,8,0.5989,215.39,1.0,0.3838,0.0633,1,31,Low Performing
2025-04-11,Products,Paid Search,Paid,2,2,0.4959,631.57,1.23,0.468,0.0306,0,5,Low Performing
2025-04-11,About,Organic Search,Organic,4,4,0.5024,153.52,2.36,0.4666,0.0337,0,33,High Performing
2025-04-11,Landing Page,Organic Search,Organic,10,10,0.6109,174.67,3.0,0.3588,0.055,0,86,Average Performing
2025-04-11,Pricing,Paid Search,Paid,4,4,0.4226,224.94,1.16,0.6045,0.0477,0,27,High Performing
2025-04-11,Products,Direct,Direct,1,1,0.4554,326.89,1.08,0.5213,0.0426,0,4,Low Performing
2025-04-11,Checkout,Organic Search,Organic,1,2,0.5006,48.09,3.38,0.4967,0.058,0,14,Average Performing
2025-04-12,FAQ,Referral,Referral,10,11,0.5251,100.15,1.0,0.4335,0.0222,0,10,Low Performing
2025-04-12,Home,Referral,Referral,5,5,0.5416,84.5,1.42,0.4701,0.0419,0,32,Low Performing
2025-04-13,Landing Page,Paid Search,Paid,1,6,0.6719,325.22,1.29,0.292,0.0328,0,4,Average Performing
2025-04-13,Blog,Direct,Direct,7,10,0.5576,122.25,1.83,0.478,0.0474,2,58,Average Performing
2025-04-13,Landing Page,Direct,Direct,2,3,0.4159,349.64,1.0,0.5564,0.0247,0,7,Average Performing
2025-04-13,Pricing,Organic Search,Organic,9,10,0.5242,286.56,1.07,0.4551,0.0635,0,35,High Performing
2025-04-13,Blog,Organic Search,Organic,10,10,0.5237,334.81,2.65,0.46,0.0792,1,47,Average Performing
2025-04-14,About,Paid Search,Paid,10,13,0.417,244.77,5.3,0.548,0.0837,0,168,High Performing
2025-04-14,Products,Direct,Direct,7,8,0.4588,131.28,4.97,0.5476,0.0988,0,119,Low Performing
2025-04-14,Home,Direct,Direct,11,12,0.4955,205.34,1.0,0.5992,0.0201,0,31,Low Performing
2025-04-14,FAQ,Social,Social,7,8,0.4965,137.82,3.48,0.5087,0.0672,0,50,Low Performing
2025-04-14,About,Referral,Referral,6,9,0.4948,152.0,6.97,0.4689,0.0993,2,117,High Performing
2025-04-15,Pricing,Organic Search,Organic,4,4,0.5586,164.4,1.08,0.5101,0.0558,1,27,High Performing
2025-04-15,Products,Social,Social,8,11,0.583,239.99,1.0,0.3911,0.0232,0,56,Low Performing
2025-04-15,Checkout,Referral,Referral,9,10,0.5568,80.09,1.16,0.471,0.0375,0,67,Average Performing
2025-04-15,Home,Paid Search,Paid,11,11,0.5834,86.8,1.29,0.4711,0.0371,0,67,Low Performing
2025-04-15,Contact,Organic Search,Organic,10,10,0.4057,348.45,4.86,0.5767,0.0499,1,103,High Performing
2025-04-15,Home,Organic Search,Organic,1,1,0.4598,171.27,1.49,0.5437,0.0348,0,8,Low Performing
2025-04-16,About,Referral,Referral,11,11,0.4523,232.03,3.48,0.5466,0.0595,0,83,High Performing
2025-04-16,Pricing,Organic Search,Organic,11,11,0.4798,466.9,1.53,0.5629,0.0517,1,59,High Performing
2025-04-16,Products,Paid Search,Paid,8,10,0.4372,323.34,1.0,0.5613,0.0506,0,65,Low Performing
2025-04-16,Home,Direct,Direct,1,3,0.6218,76.52,1.25,0.3792,0.0369,0,13,Low Performing
2025-04-16,Checkout,Social,Social,3,5,0.5275,204.01,1.61,0.5141,0.0273,0,11,Average Performing
2025-04-16,Products,Paid Search,Paid,2,3,0.3835,277.82,5.97,0.5233,0.1042,0,36,Low Performing
2025-04-16,About,Social,Social,2,2,0.481,231.39,5.46,0.5463,0.078,0,21,High Performing
2025-04-16,Services,Paid Search,Paid,8,8,0.5144,60.09,1.06,0.5486,0.0419,0,40,Average Performing
2025-04-16,Pricing,Direct,Direct,8,8,0.569,71.36,3.53,0.4369,0.0484,0,65,High Performing
2025-04-16,Checkout,Direct,Direct,3,3,0.4674,152.06,7.39,0.5797,0.0891,0,47,Average Performing
2025-04-16,Products,Direct,Direct,10,11,0.379,674.14,3.99,0.6439,0.084,0,117,Low Performing
2025-04-17,Checkout,Direct,Direct,8,9,0.5321,125.13,1.0,0.5184,0.04,0,42,Average Performing
2025-04-17,Landing Page,Direct,Direct,8,8,0.5214,119.08,2.05,0.4539,0.0398,0,56,Average Performing
2025-04-17,Pricing,Referral,Referral,4,4,0.5654,185.69,4.05,0.4424,0.1191,0,31,High Performing
2025-04-18,Landing Page,Paid Search,Paid,11,13,0.5179,68.19,6.8,0.5146,0.1077,1,196,Average Performing
2025-04-18,Landing Page,Organic Search,Organic,8,8,0.4483,363.82,2.58,0.531,0.0265,0,75,Average Performing
2025-04-18,Services,Organic Search,Organic,11,12,0.4719,145.1,5.83,0.5232,0.0939,0,166,Average Performing
2025-04-18,Home,Organic Search,Organic,5,6,0.4614,337.2,2.44,0.5387,0.0392,0,31,Low Performing
2025-04-18,Blog,Organic Search,Organic,5,7,0.4473,132.43,1.58,0.5333,0.0431,1,28,Average Performing
2025-04-18,Products,Direct,Direct,9,11,0.4002,194.23,2.09,0.5721,0.0386,1,55,Low Performing
2025-04-18,About,Referral,Referral,7,8,0.5997,78.02,1.8,0.3588,0.0237,0,55,High Performing
2025-04-18,Products,Organic Search,Organic,9,9,0.562,193.69,2.62,0.4079,0.04,1,46,Low Performing
2025-04-19,Services,Organic Search,Organic,2,3,0.5039,252.11,1.93,0.5385,0.0137,0,13,Average Performing
2025-04-19,Checkout,Paid Search,Paid,10,11,0.4624,154.0,5.2,0.5988,0.1093,2,118,Average Performing
2025-04-19,Home,Paid Search,Paid,3,4,0.3765,85.13,5.47,0.6219,0.0798,0,40,Low Performing
2025-04-19,Checkout,Paid Search,Paid,11,13,0.5323,107.72,1.0,0.4394,0.0058,0,74,Average Performing
2025-04-19,Products,Paid Search,Paid,5,5,0.4568,96.6,5.66,0.6057,0.0581,0,71,Low Performing
2025-04-19,Pricing,Direct,Direct,10,10,0.5964,123.28,1.05,0.3757,0.0529,2,77,High Performing
2025-04-19,About,Paid Search,Paid,10,12,0.5682,353.64,1.0,0.4436,0.0564,1,68,High Performing
2025-04-19,Landing Page,Referral,Referral,10,11,0.555,79.7,4.74,0.442,0.0974,1,61,Average Performing
2025-04-19,About,Referral,Referral,1,2,0.3625,361.12,3.2,0.6465,0.0806,0,13,High Performing
2025-04-20,Services,Direct,Direct,6,7,0.5193,270.65,1.26,0.4754,0.0658,0,55,Average Performing
2025-04-20,Home,Paid Search,Paid,9,11,0.4959,218.09,1.52,0.4894,0.0392,0,58,Low Performing
2025-04-20,Services,Organic Search,Organic,7,7,0.4712,248.86,1.89,0.4885,0.0292,1,22,Average Performing
2025-04-20,Blog,Organic Search,Organic,7,7,0.5838,150.28,1.0,0.3809,0.0318,1,46,Average Performing
2025-04-20,About,Referral,Referral,7,9,0.4778,202.94,2.34,0.5019,0.0761,1,49,High Performing
2025-04-20,Products,Social,Social,9,10,0.4503,223.69,6.56,0.5941,0.0928,0,133,Low Performing
2025-04-20,Home,Direct,Direct,7,7,0.5427,103.76,1.0,0.3994,0.0533,0,1,Low Performing
2025-04-21,Blog,Organic Search,Organic,7,8,0.5073,261.59,1.58,0.501,0.0559,0,41,Average Performing
2025-04-21,Home,Direct,Direct,9,9,0.4942,210.97,2.19,0.4927,0.0153,0,42,Low Performing
2025-04-21,Checkout,Organic Search,Organic,3,6,0.4275,140.87,3.82,0.502,0.0761,0,45,Average Performing
2025-04-21,Services,Paid Search,Paid,3,4,0.4773,113.58,2.65,0.5186,0.0078,0,29,Average Performing
2025-04-21,Checkout,Organic Search,Organic,1,2,0.4848,143.15,3.25,0.5069,0.0625,0,16,Average Performing
2025-04-21,Products,Organic Search,Organic,1,1,0.4229,75.56,1.0,0.6117,0.0259,0,2,Low Performing
2025-04-21,Contact,Referral,Referral,6,6,0.3722,296.81,5.64,0.6186,0.1174,0,74,High Performing
2025-04-22,Products,Social,Social,11,14,0.5291,96.37,1.52,0.4965,0.016,0,35,Low Performing
2025-04-22,Landing Page,Organic Search,Organic,3,5,0.5345,150.83,2.77,0.4812,0.0513,1,40,Average Performing
2025-04-22,Products,Paid Search,Paid,9,9,0.4772,155.5,3.68,0.4595,0.0598,0,87,Low Performing
2025-04-22,Products,Organic Search,Organic,4,4,0.4253,58.82,3.4,0.6185,0.0678,0,22,Low Performing
2025-04-22,Blog,Referral,Referral,8,8,0.5205,85.42,3.32,0.4999,0.034,0,68,Average Performing
2025-04-22,Products,Organic Search,Organic,11,12,0.4024,102.03,2.23,0.5988,0.0346,0,12,Low Performing
2025-04-23,Home,Social,Social,9,10,0.4746,380.96,2.51,0.5971,0.0555,1,50,Low Performing
2025-04-23,Landing Page,Direct,Direct,11,13,0.509,202.22,1.99,0.5438,0.0482,0,96,Average Performing
2025-04-23,Checkout,Paid Search,Paid,9,9,0.3976,328.43,4.2,0.5956,0.0893,2,96,Average Performing
2025-04-23,Products,Direct,Direct,5,5,0.5874,106.48,3.75,0.3422,0.0827,0,41,Low Performing
2025-04-24,About,Direct,Direct,4,6,0.5826,173.94,2.79,0.4128,0.0774,0,44,High Performing
2025-04-24,Checkout,Organic Search,Organic,2,4,0.4909,101.23,1.0,0.5671,0.0714,0,12,Average Performing
2025-04-24,Pricing,Paid Search,Paid,10,11,0.4172,264.15,3.31,0.5529,0.0775,0,78,High Performing
2025-04-24,Landing Page,Organic Search,Organic,5,6,0.5972,249.15,1.96,0.4076,0.07,0,34,Average Performing
2025-04-25,Pricing,Direct,Direct,8,11,0.5304,154.05,1.6,0.4429,0.0707,2,54,High Performing
2025-04-25,Pricing,Organic Search,Organic,7,7,0.4911,110.12,1.82,0.4322,0.0143,0,47,High Performing
2025-04-25,Blog,Direct,Direct,1,1,0.5228,161.22,4.88,0.505,0.0536,0,9,Average Performing
2025-04-25,FAQ,Organic Search,Organic,6,7,0.4533,138.57,1.96,0.6049,0.0357,0,24,Low Performing
2025-04-26,Home,Referral,Referral,9,10,0.3937,180.25,3.07,0.6235,0.0475,1,53,Low Performing
2025-04-26,Pricing,Organic Search,Organic,10,11,0.4927,117.64,1.0,0.5757,0.0375,0,21,High Performing
2025-04-26,Services,Paid Search,Paid,9,10,0.3774,406.74,2.74,0.6587,0.0682,0,93,Average Performing
2025-04-26,Home,Organic Search,Organic,3,4,0.4662,114.13,1.0,0.5116,0.0059,0,7,Low Performing
2025-04-26,Blog,Organic Search,Organic,4,6,0.5505,184.21,4.37,0.4348,0.1103,0,48,Average Performing
2025-04-27,Home,Organic Search,Organic,6,7,0.3406,514.87,5.31,0.6626,0.1269,0,71,Low Performing
2025-04-27,Products,Referral,Referral,7,8,0.397,148.72,3.39,0.6058,0.0805,0,63,Low Performing
2025-04-27,Blog,Referral,Referral,5,5,0.4727,262.31,3.46,0.6256,0.0574,0,39,Average Performing
2025-04-27,Home,Paid Search,Paid,10,10,0.4342,183.33,5.13,0.5051,0.0989,1,120,Low Performing
2025-04-27,Home,Organic Search,Organic,10,10,0.512,64.14,4.36,0.4859,0.0762,2,120,Low Performing
2025-04-27,Blog,Organic Search,Organic,3,3,0.4725,216.01,3.15,0.5477,0.0604,0,28,Average Performing
2025-04-27,Landing Page,Social,Social,4,5,0.5701,180.47,1.39,0.4167,0.0286,0,17,Average Performing
2025-04-28,Pricing,Referral,Referral,1,1,0.4401,271.03,2.96,0.6408,0.0573,0,5,High Performing
2025-04-28,Checkout,Direct,Direct,5,5,0.5039,250.95,2.19,0.4359,0.0172,0,46,Average Performing
2025-04-28,Products,Paid Search,Paid,6,7,0.4537,119.58,4.71,0.5934,0.0588,0,88,Low Performing
2025-04-28,Blog,Organic Search,Organic,2,2,0.4835,348.34,2.64,0.5255,0.0622,0,14,Average Performing
2025-04-28,Landing Page,Paid Search,Paid,9,10,0.4343,82.16,3.9,0.5282,0.0644,0,98,Average Performing
2025-04-28,Products,Direct,Direct,9,12,0.4331,137.0,2.83,0.5366,0.0438,0,59,Low Performing
2025-04-28,Home,Paid Search,Paid,5,8,0.4387,215.03,2.22,0.592,0.0367,0,43,Low Performing
2025-04-29,Pricing,Paid Search,Paid,8,9,0.4829,128.78,9.86,0.5958,0.1436,1,174,High Performing
2025-04-29,Landing Page,Direct,Direct,11,11,0.6275,46.43,3.63,0.331,0.0718,0,52,Average Performing
2025-04-29,Pricing,Paid Search,Paid,8,9,0.4518,237.62,4.02,0.5317,0.0778,1,78,High Performing
2025-04-29,FAQ,Organic Search,Organic,10,11,0.5662,237.08,2.63,0.4005,0.0784,0,98,Low Performing
2025-04-30,Home,Direct,Direct,7,7,0.5237,94.84,1.0,0.475,0.0338,0,1,Low Performing
2025-04-30,About,Social,Social,6,9,0.4925,336.32,2.1,0.5055,0.047,0,37,High Performing
2025-04-30,Pricing,Referral,Referral,3,3,0.5446,108.57,3.02,0.4578,0.0614,0,17,High Performing
2025-05-01,Home,Organic Search,Organic,10,11,0.3862,236.76,5.54,0.6736,0.1013,0,147,Low Performing
2025-05-01,Services,Organic Search,Organic,3,3,0.4908,242.29,1.0,0.4011,0.0663,0,1,Average Performing
2025-05-01,Landing Page,Organic Search,Organic,8,9,0.5675,324.0,3.18,0.4547,0.0481,0,65,Average Performing
2025-05-02,Home,Referral,Referral,3,4,0.4792,325.41,1.0,0.5102,0.0322,0,10,Low Performing
2025-05-02,Services,Paid Search,Paid,7,8,0.4328,65.94,5.16,0.5473,0.1122,1,77,Average Performing
2025-05-02,About,Direct,Direct,6,7,0.5085,64.02,2.01,0.513,0.0565,0,65,High Performing
2025-05-02,Pricing,Direct,Direct,9,10,0.5539,329.59,1.0,0.5331,0.035,0,23,High Performing
2025-05-02,Blog,Referral,Referral,11,12,0.4487,270.61,2.49,0.6257,0.0963,0,80,Average Performing
2025-05-02,Blog,Direct,Direct,8,8,0.4675,218.57,1.41,0.5203,0.0626,2,31,Average Performing
2025-05-02,Products,Organic Search,Organic,8,10,0.5166,690.33,2.45,0.4305,0.0947,0,93,Low Performing
2025-05-03,About,Social,Social,11,12,0.4883,119.31,2.09,0.5246,0.0601,0,20,High Performing
2025-05-03,About,Referral,Referral,6,7,0.5056,210.01,2.38,0.5135,0.0417,0,42,High Performing
2025-05-03,Pricing,Social,Social,5,6,0.3072,164.09,2.45,0.6912,0.0637,0,29,High Performing
2025-05-03,Pricing,Organic Search,Organic,1,4,0.5014,352.62,2.03,0.503,0.0706,0,36,High Performing
2025-05-03,Pricing,Referral,Referral,10,11,0.4009,169.91,2.47,0.5597,0.0468,0,55,High Performing
2025-05-03,Pricing,Direct,Direct,8,8,0.6034,27.3,3.68,0.3694,0.0685,0,71,High Performing
2025-05-04,Home,Organic Search,Organic,4,7,0.5967,20.0,1.0,0.4727,0.0254,1,19,Low Performing
2025-05-04,Checkout,Direct,Direct,1,2,0.4845,71.98,2.73,0.4929,0.0189,0,11,Average Performing
2025-05-04,Services,Direct,Direct,8,8,0.5369,135.54,1.0,0.4634,0.005,0,46,Average Performing
2025-05-05,FAQ,Paid Search,Paid,11,11,0.4624,30.34,1.92,0.4677,0.0416,0,64,Low Performing
2025-05-05,FAQ,Referral,Referral,2,5,0.5492,265.22,1.61,0.5026,0.1019,0,28,Low Performing
2025-05-05,Contact,Organic Search,Organic,6,6,0.4964,65.82,1.0,0.4791,0.054,0,1,High Performing
2025-05-05,Services,Referral,Referral,6,8,0.4913,79.62,1.0,0.5402,0.0238,0,17,Average Performing
2025-05-06,Blog,Social,Social,6,8,0.5751,205.83,1.06,0.4533,0.0259,1,43,Average Performing
2025-05-06,Landing Page,Organic Search,Organic,4,4,0.4775,351.27,2.32,0.5241,0.0574,0,27,Average Performing
2025-05-06,Pricing,Paid Search,Paid,2,3,0.5069,80.58,3.79,0.4899,0.0425,0,17,High Performing
2025-05-06,Contact,Organic Search,Organic,10,10,0.5781,172.64,7.47,0.3666,0.0921,1,143,High Performing
2025-05-06,Landing Page,Organic Search,Organic,10,11,0.5658,176.51,1.33,0.3823,0.0617,0,58,Average Performing
2025-05-06,Pricing,Organic Search,Organic,8,9,0.4169,166.03,6.89,0.6056,0.1247,1,159,High Performing
2025-05-06,Services,Social,Social,8,10,0.4572,252.59,1.16,0.5839,0.05,1,32,Average Performing
2025-05-07,Landing Page,Referral,Referral,5,6,0.5566,344.84,2.56,0.4417,0.0262,1,45,Average Performing
2025-05-07,Home,Organic Search,Organic,7,7,0.4615,146.53,1.0,0.5666,0.0156,0,40,Low Performing
2025-05-07,Home,Paid Search,Paid,1,3,0.5007,178.24,3.25,0.4322,0.0502,0,25,Low Performing
2025-05-07,Landing Page,Organic Search,Organic,2,2,0.5391,172.55,1.83,0.4495,0.0753,2,1,Average Performing
2025-05-07,Products,Organic Search,Organic,8,8,0.4801,257.65,7.24,0.5368,0.0857,1,122,Low Performing
2025-05-07,Products,Paid Search,Paid,5,6,0.4834,333.03,1.06,0.5046,0.0346,0,30,Low Performing
2025-05-07,About,Referral,Referral,5,6,0.5749,213.55,2.3,0.4326,0.0689,0,44,High Performing
2025-05-08,Blog,Organic Search,Organic,4,4,0.4791,386.0,1.0,0.4858,0.042,0,17,Average Performing
2025-05-08,Home,Organic Search,Organic,3,3,0.4213,96.19,2.29,0.5621,0.0668,0,15,Low Performing
2025-05-08,FAQ,Referral,Referral,6,8,0.4989,284.8,3.15,0.5778,0.068,0,66,Low Performing
2025-05-08,Home,Paid Search,Paid,6,9,0.4062,270.06,3.89,0.5586,0.0796,2,78,Low Performing
2025-05-09,Home,Paid Search,Paid,7,8,0.5777,80.42,1.01,0.4812,0.0111,0,31,Low Performing
2025-05-09,Blog,Social,Social,4,5,0.4653,119.43,1.0,0.4947,0.0548,0,2,Average Performing
2025-05-09,Blog,Social,Social,7,7,0.4102,49.01,1.15,0.5993,0.0464,1,28,Average Performing
2025-05-09,Pricing,Direct,Direct,3,5,0.4801,249.77,1.3,0.5162,0.0216,0,28,High Performing
2025-05-09,About,Organic Search,Organic,4,5,0.3939,163.39,7.1,0.6121,0.1277,2,63,High Performing
2025-05-09,Products,Direct,Direct,1,1,0.5807,66.31,2.47,0.3963,0.0539,0,8,Low Performing
2025-05-09,FAQ,Organic Search,Organic,2,2,0.5382,60.55,1.7,0.4418,0.0444,0,6,Low Performing
2025-05-09,FAQ,Organic Search,Organic,6,8,0.5673,152.32,1.29,0.4186,0.0201,0,22,Low Performing
2025-05-09,Blog,Organic Search,Organic,11,11,0.4602,393.77,4.02,0.5431,0.0497,0,89,Average Performing
2025-05-10,Services,Organic Search,Organic,7,7,0.4565,230.05,1.0,0.5699,0.0617,0,5,Average Performing
2025-05-10,Landing Page,Organic Search,Organic,1,4,0.4253,186.94,3.24,0.5595,0.0549,0,33,Average Performing
2025-05-10,Home,Direct,Direct,4,5,0.5409,143.91,3.74,0.4471,0.0843,1,59,Low Performing
2025-05-10,Services,Organic Search,Organic,8,10,0.5244,128.72,1.67,0.5318,0.0208,0,93,Average Performing
2025-05-10,Home,Paid Search,Paid,4,4,0.4985,86.56,5.24,0.4954,0.1006,0,32,Low Performing
2025-05-10,Products,Referral,Referral,11,13,0.4322,282.38,7.47,0.6039,0.1082,3,209,Low Performing
2025-05-10,Pricing,Organic Search,Organic,3,4,0.4212,148.44,2.16,0.5826,0.0586,1,18,High Performing
2025-05-10,About,Organic Search,Organic,7,8,0.5809,111.32,1.07,0.4037,0.0429,0,52,High Performing
2025-05-10,Products,Organic Search,Organic,3,5,0.4352,94.24,8.18,0.5817,0.1405,0,78,Low Performing
2025-05-11,Home,Direct,Direct,2,3,0.5027,181.45,1.12,0.4882,0.0705,0,16,Low Performing
2025-05-11,Home,Social,Social,4,5,0.4881,282.82,4.99,0.4847,0.1205,1,46,Low Performing
2025-05-11,Blog,Paid Search,Paid,7,8,0.5715,97.58,1.52,0.4212,0.0041,0,24,Average Performing
2025-05-12,Services,Organic Search,Organic,7,7,0.5787,153.65,5.37,0.4496,0.0865,0,68,Average Performing
2025-05-12,Blog,Organic Search,Organic,7,8,0.6332,46.59,2.05,0.3652,0.0155,0,51,Average Performing
2025-05-12,Blog,Organic Search,Organic,2,3,0.5334,52.65,1.95,0.4802,0.0636,0,12,Average Performing
2025-05-12,Blog,Paid Search,Paid,3,3,0.5609,151.47,1.68,0.4078,0.0241,0,18,Average Performing
2025-05-12,Products,Social,Social,2,3,0.4607,321.14,3.75,0.5387,0.0699,0,35,Low Performing
2025-05-12,Checkout,Direct,Direct,6,8,0.6026,79.59,1.23,0.3669,0.0549,0,19,Average Performing
2025-05-12,Pricing,Referral,Referral,9,10,0.5573,118.94,4.49,0.5125,0.0566,1,85,High Performing
2025-05-13,Pricing,Organic Search,Organic,3,4,0.4171,535.93,1.68,0.5814,0.0786,0,27,High Performing
2025-05-14,Landing Page,Social,Social,1,2,0.382,327.72,3.49,0.568,0.0645,0,12,Average Performing
2025-05-14,Blog,Organic Search,Organic,10,11,0.4958,66.86,1.0,0.4962,0.0485,2,48,Average Performing
2025-05-14,Home,Referral,Referral,10,12,0.5583,126.49,1.0,0.4127,0.0518,1,52,Low Performing
2025-05-14,Home,Referral,Referral,5,6,0.5046,97.82,5.0,0.5418,0.0675,0,82,Low Performing
2025-05-14,Landing Page,Organic Search,Organic,11,12,0.5092,90.64,6.13,0.4904,0.0947,1,200,Average Performing
2025-05-14,Products,Social,Social,7,7,0.4524,484.94,4.1,0.5497,0.0818,0,72,Low Performing
2025-05-14,Home,Organic Search,Organic,4,5,0.516,84.68,1.68,0.491,0.0488,0,31,Low Performing
2025-05-14,Landing Page,Paid Search,Paid,10,12,0.461,185.99,3.18,0.5351,0.0517,1,127,Average Performing
2025-05-14,Products,Direct,Direct,7,8,0.4743,335.91,4.64,0.5611,0.072,0,58,Low Performing
2025-05-15,Home,Social,Social,2,3,0.4389,273.71,1.0,0.5672,0.0326,0,20,Low Performing
2025-05-15,Pricing,Direct,Direct,6,7,0.4703,414.15,1.46,0.4931,0.0592,0,37,High Performing
2025-05-15,Landing Page,Paid Search,Paid,2,3,0.5003,284.76,3.43,0.461,0.0435,0,27,Average Performing
2025-05-15,FAQ,Organic Search,Organic,5,6,0.3743,449.54,5.74,0.6047,0.1054,1,66,Low Performing
2025-05-15,Contact,Referral,Referral,7,7,0.3119,99.85,1.75,0.7164,0.0,0,51,High Performing
2025-05-16,Pricing,Social,Social,2,3,0.5769,74.69,1.57,0.4219,0.0252,0,15,High Performing
2025-05-17,Services,Organic Search,Organic,1,2,0.4686,38.01,3.44,0.5252,0.0523,0,23,Average Performing
2025-05-17,Home,Organic Search,Organic,7,8,0.5364,195.39,1.0,0.4078,0.0261,0,34,Low Performing
2025-05-17,Landing Page,Direct,Direct,10,11,0.5679,227.59,1.0,0.4669,0.0212,0,58,Average Performing
2025-05-17,Services,Organic Search,Organic,9,9,0.4478,146.79,4.4,0.5691,0.08,0,100,Average Performing
2025-05-17,Home,Organic Search,Organic,7,9,0.4605,45.56,3.36,0.571,0.0437,1,74,Low Performing
2025-05-17,Pricing,Direct,Direct,9,11,0.4718,189.19,2.87,0.5684,0.0415,0,73,High Performing
2025-05-18,Contact,Referral,Referral,10,12,0.5015,67.55,1.0,0.4662,0.0489,0,71,High Performing
2025-05-18,Home,Paid Search,Paid,1,3,0.4544,164.17,6.49,0.551,0.1289,1,51,Low Performing
2025-05-19,Home,Direct,Direct,1,2,0.5206,133.39,1.47,0.4616,0.0307,0,7,Low Performing
2025-05-19,Services,Organic Search,Organic,3,6,0.523,287.36,1.03,0.4867,0.047,1,30,Average Performing
2025-05-20,Products,Organic Search,Organic,6,7,0.468,63.11,2.21,0.5528,0.0469,0,34,Low Performing
2025-05-20,Contact,Direct,Direct,2,3,0.4831,102.58,1.54,0.5845,0.0411,0,17,High Performing
2025-05-20,Landing Page,Paid Search,Paid,11,12,0.5513,242.75,1.0,0.411,0.0353,0,2,Average Performing
2025-05-20,Pricing,Referral,Referral,10,11,0.5093,95.07,2.36,0.4973,0.0508,0,87,High Performing
2025-05-20,Blog,Organic Search,Organic,6,6,0.5902,225.57,3.06,0.429,0.0226,0,52,Average Performing
2025-05-20,Contact,Referral,Referral,4,5,0.4687,248.01,2.1,0.6463,0.0566,0,19,High Performing
2025-05-21,Landing Page,Referral,Referral,7,9,0.5287,293.07,3.49,0.4396,0.0605,2,34,Average Performing
2025-05-21,Services,Referral,Referral,10,10,0.4977,76.94,1.05,0.5106,0.0038,0,20,Average Performing
2025-05-21,About,Referral,Referral,3,3,0.4822,217.75,2.99,0.5181,0.0723,0,16,High Performing
2025-05-21,Home,Organic Search,Organic,6,6,0.381,85.33,1.14,0.6477,0.0369,0,15,Low Performing
2025-05-21,Checkout,Referral,Referral,6,8,0.5316,130.8,2.37,0.4346,0.0621,0,49,Average Performing
2025-05-22,Services,Organic Search,Organic,3,4,0.4995,125.09,1.8,0.439,0.0453,0,18,Average Performing
2025-05-22,Home,Paid Search,Paid,7,10,0.5508,207.69,1.0,0.4055,0.0248,0,75,Low Performing
2025-05-23,About,Referral,Referral,3,4,0.5138,144.9,1.96,0.4673,0.0361,0,32,High Performing
2025-05-23,About,Paid Search,Paid,3,3,0.5335,283.77,3.58,0.4686,0.0304,0,30,High Performing
2025-05-23,Home,Organic Search,Organic,6,7,0.4284,356.68,1.24,0.669,0.0542,1,32,Low Performing
2025-05-23,About,Paid Search,Paid,5,6,0.5487,138.97,1.93,0.419,0.0602,0,34,High Performing
2025-05-23,Home,Organic Search,Organic,7,8,0.5043,235.98,4.12,0.514,0.1002,1,112,Low Performing
2025-05-24,Blog,Paid Search,Paid,9,9,0.4936,619.0,1.84,0.4828,0.0675,0,41,Average Performing
2025-05-24,Services,Referral,Referral,9,11,0.5239,130.12,2.8,0.4462,0.0685,1,109,Average Performing
2025-05-24,Blog,Direct,Direct,5,6,0.4045,195.1,4.75,0.611,0.1103,0,77,Average Performing
2025-05-24,Blog,Organic Search,Organic,2,3,0.4719,138.53,3.98,0.5301,0.0705,0,30,Average Performing
2025-05-24,Checkout,Direct,Direct,3,4,0.4522,160.86,3.39,0.5482,0.0596,0,45,Average Performing
2025-05-24,Products,Referral,Referral,4,6,0.4467,227.98,4.17,0.5184,0.0624,0,59,Low Performing
2025-05-24,Landing Page,Paid Search,Paid,4,6,0.5719,187.84,3.5,0.5009,0.0808,0,48,Average Performing
2025-05-25,Home,Direct,Direct,6,9,0.5946,205.41,2.62,0.3783,0.0613,1,56,Low Performing
2025-05-25,Contact,Paid Search,Paid,11,13,0.4441,309.19,2.49,0.6039,0.0448,0,52,High Performing
2025-05-25,FAQ,Referral,Referral,10,13,0.4723,149.45,3.8,0.4997,0.0538,0,199,Low Performing
2025-05-25,Services,Direct,Direct,6,7,0.4159,489.38,6.38,0.5803,0.1212,0,101,Average Performing
2025-05-25,Products,Direct,Direct,9,10,0.4762,180.89,1.08,0.5548,0.0466,1,2,Low Performing
2025-05-26,Landing Page,Organic Search,Organic,6,7,0.5133,130.95,2.57,0.5004,0.048,1,51,Average Performing
2025-05-26,Home,Organic Search,Organic,2,3,0.5915,91.59,3.3,0.4043,0.0529,1,16,Low Performing
2025-05-26,Landing Page,Referral,Referral,2,4,0.5083,194.73,1.35,0.4875,0.0469,0,10,Average Performing
2025-05-26,FAQ,Referral,Referral,10,12,0.534,81.23,1.4,0.493,0.0794,1,59,Low Performing
2025-05-26,Products,Referral,Referral,6,7,0.4584,140.12,3.0,0.5866,0.0581,1,55,Low Performing
2025-05-26,Products,Organic Search,Organic,1,4,0.4902,208.05,1.22,0.4638,0.0786,0,28,Low Performing
2025-05-26,Contact,Organic Search,Organic,7,8,0.4751,75.8,6.52,0.5782,0.0625,2,109,High Performing
2025-05-26,Blog,Organic Search,Organic,5,6,0.4751,174.13,1.62,0.5403,0.0521,0,36,Average Performing
2025-05-26,Landing Page,Organic Search,Organic,4,6,0.4805,85.28,1.0,0.5196,0.0531,0,19,Average Performing
2025-05-26,Blog,Organic Search,Organic,1,1,0.5286,239.55,3.76,0.4591,0.1015,0,6,Average Performing
2025-05-26,Blog,Social,Social,10,12,0.4588,75.47,1.0,0.5843,0.0433,1,48,Average Performing
2025-05-26,Blog,Organic Search,Organic,4,5,0.4429,489.6,4.4,0.5254,0.0552,0,32,Average Performing
2025-05-27,Products,Referral,Referral,6,7,0.5088,69.83,4.44,0.543,0.0462,1,89,Low Performing
2025-05-27,About,Direct,Direct,7,8,0.5225,129.15,1.0,0.5106,0.0508,2,47,High Performing
2025-05-27,FAQ,Referral,Referral,10,10,0.4835,523.73,1.93,0.4789,0.0692,1,47,Low Performing
2025-05-27,Pricing,Organic Search,Organic,5,9,0.4238,170.45,3.46,0.653,0.0346,0,56,High Performing
2025-05-27,FAQ,Social,Social,9,10,0.5553,205.57,1.0,0.4426,0.0566,0,63,Low Performing
2025-05-28,Landing Page,Direct,Direct,5,7,0.6011,36.13,1.9,0.3505,0.0221,1,31,Average Performing
2025-05-28,Home,Organic Search,Organic,8,8,0.4202,186.34,3.91,0.5939,0.0845,2,60,Low Performing
2025-05-28,Blog,Referral,Referral,10,10,0.3841,92.9,3.28,0.63,0.045,0,92,Average Performing
2025-05-28,FAQ,Organic Search,Organic,5,5,0.5381,344.28,1.89,0.5292,0.0627,0,23,Low Performing
2025-05-28,Checkout,Social,Social,2,3,0.5187,228.87,3.91,0.4265,0.0801,0,27,Average Performing
2025-05-28,Pricing,Organic Search,Organic,8,11,0.4734,375.9,1.0,0.5662,0.0687,1,62,High Performing
2025-05-28,Home,Organic Search,Organic,9,12,0.5265,107.4,3.04,0.4733,0.0856,1,62,Low Performing
2025-05-28,Contact,Direct,Direct,11,12,0.4322,199.09,2.85,0.5417,0.0847,1,96,High Performing
2025-05-29,Home,Paid Search,Paid,4,5,0.494,154.23,1.0,0.4906,0.0478,0,25,Low Performing
2025-05-29,Home,Organic Search,Organic,10,12,0.5442,352.03,1.25,0.418,0.0578,1,40,Low Performing
2025-05-29,Blog,Organic Search,Organic,3,4,0.3868,99.87,4.4,0.5895,0.0582,0,36,Average Performing
2025-05-29,Blog,Direct,Direct,8,10,0.501,190.53,4.44,0.5432,0.1184,0,118,Average Performing
2025-05-29,Blog,Organic Search,Organic,5,7,0.5009,286.27,3.27,0.5532,0.0669,1,48,Average Performing
2025-05-30,FAQ,Organic Search,Organic,6,7,0.4892,233.98,2.71,0.4641,0.0393,0,50,Low Performing
2025-05-30,Landing Page,Paid Search,Paid,2,3,0.4989,143.97,6.38,0.5263,0.1105,0,34,Average Performing
2025-05-30,Home,Referral,Referral,9,10,0.4572,139.35,6.61,0.4712,0.0928,2,183,Low Performing
2025-05-30,Services,Organic Search,Organic,3,4,0.5275,230.19,1.61,0.4122,0.0326,1,11,Average Performing
2025-05-30,Services,Direct,Direct,11,12,0.4956,87.92,1.01,0.46,0.0138,0,31,Average Performing
2025-05-31,Services,Direct,Direct,10,11,0.483,99.78,6.54,0.5405,0.0509,0,150,Average Performing
2025-05-31,Products,Direct,Direct,8,8,0.4667,423.86,3.29,0.5482,0.0519,1,38,Low Performing
2025-05-31,Services,Paid Search,Paid,3,3,0.5657,68.93,1.61,0.3702,0.012,0,13,Average Performing
2025-05-31,FAQ,Referral,Referral,3,3,0.4305,298.06,4.12,0.5155,0.0696,0,29,Low Performing
2025-05-31,Products,Organic Search,Organic,6,8,0.4951,105.95,5.79,0.4779,0.1054,0,106,Low Performing
2025-05-31,Home,Organic Search,Organic,11,12,0.4394,533.74,2.68,0.5632,0.0274,1,70,Low Performing
2025-05-31,About,Social,Social,10,13,0.4703,518.77,2.32,0.5257,0.0693,0,92,High Performing
2025-05-31,Services,Referral,Referral,2,3,0.496,238.09,4.13,0.5571,0.078,1,33,Average Performing
2025-05-31,Products,Referral,Referral,7,9,0.5031,159.78,2.89,0.5019,0.069,1,67,Low Performing
2025-05-31,Home,Organic Search,Organic,5,8,0.462,80.3,5.18,0.6054,0.0454,2,52,Low Performing
2025-06-01,Services,Referral,Referral,1,2,0.4712,121.45,4.43,0.5045,0.0876,2,22,Average Performing
2025-06-01,Home,Direct,Direct,10,14,0.5799,126.23,3.59,0.4816,0.0548,2,121,Low Performing
2025-06-01,Landing Page,Social,Social,10,10,0.4226,319.63,1.07,0.5322,0.0348,0,64,Average Performing
2025-06-01,FAQ,Organic Search,Organic,9,9,0.5206,157.46,4.8,0.5296,0.0856,2,87,Low Performing
2025-06-01,Services,Social,Social,8,9,0.4275,465.38,5.4,0.6732,0.0998,1,121,Average Performing
2025-06-02,Products,Organic Search,Organic,7,9,0.4322,332.03,5.17,0.5478,0.0675,1,103,Low Performing
2025-06-02,Pricing,Paid Search,Paid,9,10,0.5152,84.38,7.56,0.4791,0.0981,1,134,High Performing
2025-06-02,About,Organic Search,Organic,3,4,0.5106,120.31,1.39,0.4594,0.023,0,24,High Performing
2025-06-03,Home,Referral,Referral,4,5,0.4264,148.59,3.32,0.6267,0.0971,2,50,Low Performing
2025-06-03,About,Organic Search,Organic,5,6,0.4343,352.44,1.12,0.5664,0.0674,0,32,High Performing
2025-06-03,Home,Organic Search,Organic,11,11,0.5271,56.09,1.22,0.5095,0.0167,0,37,Low Performing
2025-06-03,Contact,Paid Search,Paid,3,4,0.5031,106.22,1.77,0.5002,0.0475,0,24,High Performing
2025-06-03,Blog,Direct,Direct,3,4,0.4611,287.05,2.35,0.5973,0.0478,0,23,Average Performing
2025-06-03,FAQ,Organic Search,Organic,10,12,0.5173,260.77,1.45,0.54,0.0187,0,53,Low Performing
2025-06-03,Products,Paid Search,Paid,4,4,0.4667,268.59,2.34,0.5357,0.0418,0,14,Low Performing
2025-06-03,Pricing,Paid Search,Paid,7,7,0.4105,148.14,2.66,0.5351,0.0471,0,24,High Performing
2025-06-03,Products,Referral,Referral,5,6,0.4943,179.77,2.72,0.5089,0.0453,0,23,Low Performing
2025-06-03,Products,Paid Search,Paid,3,4,0.5063,250.29,2.46,0.5032,0.0609,0,33,Low Performing
2025-06-04,Blog,Organic Search,Organic,8,9,0.5299,107.33,1.0,0.3871,0.0427,0,29,Average Performing
2025-06-04,Products,Referral,Referral,11,12,0.5152,247.46,2.07,0.4893,0.0684,0,103,Low Performing
2025-06-04,About,Organic Search,Organic,7,8,0.5627,166.49,1.05,0.4039,0.0436,0,36,High Performing
2025-06-04,Products,Referral,Referral,8,8,0.4973,319.75,1.88,0.4731,0.0327,0,45,Low Performing
2025-06-04,Home,Organic Search,Organic,9,10,0.4529,137.47,4.69,0.5437,0.0575,0,117,Low Performing
2025-06-04,Home,Direct,Direct,11,14,0.5712,122.34,3.13,0.3911,0.0683,0,93,Low Performing
2025-06-05,About,Paid Search,Paid,4,4,0.458,108.25,3.47,0.4804,0.0663,0,25,High Performing
2025-06-05,Products,Social,Social,4,5,0.5612,130.15,1.0,0.46,0.0086,0,27,Low Performing
2025-06-05,Home,Referral,Referral,11,13,0.5494,74.99,4.17,0.4184,0.093,2,96,Low Performing
2025-06-05,Blog,Referral,Referral,9,11,0.4609,225.65,3.59,0.5459,0.0209,0,104,Average Performing
2025-06-05,Pricing,Direct,Direct,3,4,0.4451,283.46,1.0,0.5134,0.0,0,12,High Performing
2025-06-06,Blog,Organic Search,Organic,5,7,0.4657,55.18,1.64,0.543,0.0053,0,36,Average Performing
2025-06-06,Products,Referral,Referral,2,3,0.5142,189.3,1.6,0.4748,0.0558,0,15,Low Performing
2025-06-06,Pricing,Organic Search,Organic,1,2,0.5158,221.0,1.89,0.5069,0.0677,0,7,High Performing
2025-06-06,Services,Organic Search,Organic,5,5,0.439,105.94,5.21,0.6121,0.0858,1,46,Average Performing
2025-06-06,Home,Organic Search,Organic,5,6,0.418,146.66,3.84,0.6059,0.0842,0,58,Low Performing
2025-06-07,Pricing,Paid Search,Paid,2,5,0.563,299.78,1.0,0.4307,0.0533,0,10,High Performing
2025-06-07,Checkout,Referral,Referral,10,11,0.4748,226.55,8.03,0.488,0.0885,1,170,Average Performing
2025-06-07,Pricing,Organic Search,Organic,5,5,0.4649,115.6,5.55,0.5744,0.0653,1,49,High Performing
2025-06-07,Products,Social,Social,8,10,0.4553,223.07,1.57,0.5179,0.0186,0,68,Low Performing
2025-06-07,Products,Direct,Direct,6,8,0.47,91.23,4.65,0.5154,0.08,0,88,Low Performing
2025-06-08,FAQ,Paid Search,Paid,3,4,0.5079,121.76,1.4,0.4931,0.0428,0,20,Low Performing
2025-06-08,Blog,Paid Search,Paid,9,10,0.6293,115.33,3.32,0.466,0.0487,1,75,Average Performing
2025-06-08,Pricing,Social,Social,3,4,0.5573,162.85,1.97,0.4484,0.0165,0,29,High Performing
2025-06-09,Blog,Referral,Referral,3,4,0.4611,87.32,1.0,0.5958,0.001,0,38,Average Performing
2025-06-09,Pricing,Social,Social,8,10,0.551,360.74,2.78,0.4332,0.0546,0,71,High Performing
2025-06-10,Home,Paid Search,Paid,11,13,0.5412,156.34,5.18,0.4877,0.0645,0,112,Low Performing
2025-06-10,Landing Page,Organic Search,Organic,4,4,0.5061,256.49,1.19,0.5797,0.0399,1,20,Average Performing
2025-06-10,Blog,Organic Search,Organic,2,4,0.5345,62.02,1.3,0.5552,0.0347,0,19,Average Performing
2025-06-10,Products,Organic Search,Organic,8,10,0.5325,309.36,3.86,0.4917,0.075,0,111,Low Performing
2025-06-10,Products,Paid Search,Paid,9,12,0.614,91.52,1.31,0.3889,0.0381,1,20,Low Performing
2025-06-10,Services,Social,Social,1,4,0.4836,117.02,5.53,0.5656,0.063,0,60,Average Performing
2025-06-10,Services,Direct,Direct,10,11,0.5895,168.2,1.0,0.4069,0.0136,0,32,Average Performing
2025-06-11,Contact,Organic Search,Organic,5,6,0.4545,269.3,2.89,0.5962,0.0753,1,60,High Performing
2025-06-11,FAQ,Direct,Direct,10,11,0.5504,233.34,2.37,0.4418,0.0351,0,43,Low Performing
2025-06-11,Blog,Organic Search,Organic,5,5,0.3918,208.44,1.34,0.5849,0.0462,0,28,Average Performing
2025-06-11,Home,Organic Search,Organic,11,13,0.4409,156.86,7.96,0.602,0.116,2,235,Low Performing
2025-06-11,Home,Organic Search,Organic,7,11,0.5474,39.34,2.6,0.4799,0.0539,0,62,Low Performing
2025-06-12,About,Direct,Direct,10,11,0.4953,133.64,7.19,0.4941,0.087,0,134,High Performing
2025-06-12,About,Organic Search,Organic,2,4,0.599,111.17,1.0,0.4495,0.0574,0,4,High Performing
2025-06-13,Landing Page,Referral,Referral,2,4,0.3741,544.4,4.84,0.5999,0.1058,0,41,Average Performing
2025-06-13,Services,Referral,Referral,10,11,0.4281,149.06,2.98,0.5335,0.0606,0,68,Average Performing
2025-06-13,Home,Social,Social,3,3,0.5673,197.24,2.54,0.4248,0.0741,0,30,Low Performing
2025-06-13,Pricing,Organic Search,Organic,2,3,0.542,147.51,1.0,0.4337,0.0346,0,14,High Performing
2025-06-13,Home,Organic Search,Organic,1,2,0.4301,121.52,6.35,0.5262,0.1183,0,32,Low Performing
2025-06-13,Landing Page,Organic Search,Organic,6,6,0.447,253.58,2.44,0.6409,0.0444,0,56,Average Performing
2025-06-14,Blog,Organic Search,Organic,4,4,0.532,109.65,3.82,0.5067,0.036,0,47,Average Performing
2025-06-14,Contact,Organic Search,Organic,8,8,0.593,20.0,1.0,0.4416,0.0963,0,25,High Performing
2025-06-14,Products,Referral,Referral,2,2,0.519,137.47,5.07,0.5192,0.0759,0,25,Low Performing
2025-06-14,Services,Organic Search,Organic,11,12,0.5614,206.27,1.0,0.4672,0.0399,0,86,Average Performing
2025-06-14,Products,Direct,Direct,6,7,0.4755,85.57,2.08,0.475,0.0537,0,42,Low Performing
2025-06-15,Products,Organic Search,Organic,9,9,0.4623,232.6,2.34,0.5246,0.0433,0,76,Low Performing
2025-06-15,Checkout,Referral,Referral,7,8,0.5913,86.03,1.55,0.4652,0.0304,1,30,Average Performing
2025-06-15,FAQ,Paid Search,Paid,1,1,0.5067,88.09,1.06,0.501,0.0232,0,7,Low Performing
2025-06-15,Home,Referral,Referral,2,4,0.5549,74.91,4.83,0.4384,0.063,0,46,Low Performing
2025-06-15,Services,Social,Social,7,8,0.5257,130.79,1.18,0.4492,0.0264,0,45,Average Performing
2025-06-16,About,Referral,Referral,10,12,0.4876,428.54,1.59,0.5388,0.0409,0,63,High Performing
2025-06-16,Home,Organic Search,Organic,2,4,0.5068,77.05,2.04,0.4914,0.0296,0,17,Low Performing
2025-06-16,Products,Social,Social,3,4,0.6073,102.8,1.22,0.3446,0.0196,0,31,Low Performing
2025-06-16,Contact,Organic Search,Organic,1,4,0.4174,206.14,2.77,0.5843,0.0586,1,30,High Performing
2025-06-16,Services,Paid Search,Paid,4,5,0.5155,277.16,1.77,0.5183,0.0552,0,25,Average Performing
2025-06-17,Home,Organic Search,Organic,9,9,0.4186,364.9,2.1,0.6191,0.08,1,58,Low Performing
2025-06-17,Products,Organic Search,Organic,2,3,0.4733,86.61,1.37,0.4952,0.0564,0,19,Low Performing
2025-06-17,Blog,Referral,Referral,8,9,0.5592,358.95,6.09,0.4647,0.1061,1,110,Average Performing
2025-06-17,Blog,Direct,Direct,3,3,0.4936,426.45,3.7,0.4546,0.1012,0,30,Average Performing
2025-06-17,Blog,Direct,Direct,2,3,0.4635,56.39,2.75,0.5533,0.0716,0,26,Average Performing
2025-06-17,Blog,Direct,Direct,10,12,0.5062,24.35,1.0,0.482,0.0153,0,64,Average Performing
2025-06-17,Blog,Direct,Direct,2,3,0.4868,443.75,1.37,0.4955,0.0349,1,14,Average Performing
2025-06-18,Pricing,Direct,Direct,8,8,0.5435,147.07,1.63,0.4644,0.0462,0,38,High Performing
2025-06-18,Landing Page,Organic Search,Organic,5,7,0.4642,102.11,5.85,0.4973,0.0816,0,92,Average Performing
2025-06-18,Blog,Organic Search,Organic,4,5,0.4452,136.56,2.83,0.4971,0.0556,0,19,Average Performing
2025-06-18,Products,Direct,Direct,6,8,0.5232,51.33,1.75,0.5013,0.0484,0,40,Low Performing
2025-06-18,Blog,Direct,Direct,7,7,0.554,193.73,1.69,0.4215,0.011,0,31,Average Performing
2025-06-18,Home,Organic Search,Organic,3,3,0.471,187.35,3.05,0.5571,0.0606,0,33,Low Performing
2025-06-19,FAQ,Referral,Referral,7,10,0.4495,81.85,3.76,0.6096,0.0592,1,62,Low Performing
2025-06-19,Landing Page,Organic Search,Organic,11,11,0.4643,82.66,3.68,0.5347,0.0638,0,114,Average Performing
2025-06-19,Pricing,Direct,Direct,4,7,0.5825,368.45,1.52,0.4467,0.0644,0,29,High Performing
2025-06-19,Products,Direct,Direct,2,3,0.4203,399.98,7.21,0.5467,0.1236,0,48,Low Performing
2025-06-20,Contact,Organic Search,Organic,3,4,0.4765,89.47,1.96,0.5276,0.0434,0,14,High Performing
2025-06-20,FAQ,Social,Social,9,11,0.5255,123.05,2.08,0.5209,0.0405,1,55,Low Performing
2025-06-20,Services,Organic Search,Organic,10,13,0.4932,196.64,1.64,0.5058,0.0165,0,40,Average Performing
2025-06-20,Services,Organic Search,Organic,3,5,0.6695,131.55,2.43,0.2865,0.0456,0,16,Average Performing
2025-06-20,Checkout,Organic Search,Organic,8,9,0.601,151.13,1.73,0.32,0.029,0,64,Average Performing
2025-06-20,Checkout,Paid Search,Paid,6,7,0.4739,270.97,7.81,0.5204,0.1186,0,124,Average Performing
2025-06-20,Home,Referral,Referral,5,6,0.4988,250.09,2.38,0.4596,0.0586,0,28,Low Performing
2025-06-20,Blog,Direct,Direct,11,11,0.521,164.28,1.0,0.4868,0.0314,2,16,Average Performing
2025-06-20,Blog,Referral,Referral,2,2,0.4817,130.91,2.92,0.5127,0.0392,0,14,Average Performing
2025-06-21,Contact,Referral,Referral,9,11,0.4606,114.63,2.02,0.5462,0.067,0,49,High Performing
2025-06-21,About,Direct,Direct,11,11,0.5272,139.43,1.0,0.4777,0.0581,2,3,High Performing
2025-06-21,Contact,Referral,Referral,3,5,0.3782,532.57,4.97,0.6507,0.0916,1,62,High Performing
2025-06-21,Blog,Referral,Referral,4,7,0.3917,346.07,3.72,0.5654,0.0609,0,56,Average Performing
2025-06-21,Checkout,Paid Search,Paid,9,9,0.5964,77.35,1.57,0.3769,0.054,0,23,Average Performing
2025-06-22,Services,Referral,Referral,11,11,0.498,205.82,6.48,0.4782,0.0961,2,163,Average Performing
2025-06-22,Blog,Paid Search,Paid,9,10,0.4649,142.93,1.0,0.577,0.066,2,32,Average Performing
2025-06-22,FAQ,Organic Search,Organic,4,5,0.5472,50.42,1.08,0.3719,0.0256,0,17,Low Performing
2025-06-22,Products,Organic Search,Organic,10,10,0.4799,347.85,3.07,0.5147,0.1005,1,76,Low Performing
2025-06-22,About,Organic Search,Organic,5,6,0.4574,258.61,9.45,0.4294,0.1557,2,108,High Performing
2025-06-23,Pricing,Direct,Direct,5,8,0.5265,396.15,2.35,0.4516,0.0269,0,1,High Performing
2025-06-23,Pricing,Paid Search,Paid,6,8,0.4901,276.34,1.52,0.4607,0.0612,1,42,High Performing
2025-06-23,Services,Organic Search,Organic,7,9,0.536,130.25,1.75,0.4943,0.0459,1,46,Average Performing
2025-06-24,Landing Page,Paid Search,Paid,2,2,0.412,118.75,2.26,0.7048,0.0578,0,12,Average Performing
2025-06-24,Pricing,Direct,Direct,11,11,0.4317,184.22,2.56,0.5695,0.0691,1,48,High Performing
2025-06-24,Contact,Direct,Direct,8,8,0.5285,76.69,2.69,0.4243,0.0507,0,74,High Performing
2025-06-24,Blog,Paid Search,Paid,7,8,0.4446,433.76,1.0,0.5661,0.0365,0,19,Average Performing
2025-06-25,Pricing,Direct,Direct,11,12,0.4392,452.51,2.77,0.6131,0.0411,0,59,High Performing
2025-06-25,Services,Organic Search,Organic,1,2,0.3953,78.98,2.36,0.5695,0.0319,0,10,Average Performing
2025-06-25,FAQ,Organic Search,Organic,11,13,0.4186,205.12,2.99,0.5949,0.0593,0,67,Low Performing
2025-06-26,Contact,Organic Search,Organic,9,9,0.4118,215.35,3.74,0.6184,0.0404,0,46,High Performing
2025-06-26,Blog,Direct,Direct,11,12,0.4796,100.47,3.06,0.5331,0.0491,0,75,Average Performing
2025-06-26,Checkout,Referral,Referral,9,9,0.4497,393.95,1.36,0.5427,0.059,0,24,Average Performing
2025-06-26,Blog,Organic Search,Organic,1,1,0.4763,347.2,1.99,0.496,0.0586,0,3,Average Performing
2025-06-26,Blog,Organic Search,Organic,2,2,0.5341,137.24,1.64,0.463,0.0345,0,13,Average Performing
2025-06-27,Landing Page,Paid Search,Paid,8,10,0.541,157.62,1.0,0.5333,0.0664,1,23,Average Performing
2025-06-27,Blog,Social,Social,1,4,0.5117,782.38,4.65,0.4935,0.0934,0,30,Average Performing
2025-06-27,Pricing,Organic Search,Organic,1,4,0.5435,216.38,1.04,0.4597,0.0431,0,21,High Performing
2025-06-28,Landing Page,Social,Social,9,9,0.4042,204.59,8.66,0.5681,0.1271,0,150,Average Performing
2025-06-28,Products,Organic Search,Organic,11,12,0.5217,157.36,2.87,0.4345,0.0433,0,34,Low Performing
2025-06-28,FAQ,Social,Social,3,5,0.4338,148.2,1.0,0.4832,0.0542,1,17,Low Performing
2025-06-28,Home,Organic Search,Organic,10,10,0.4972,156.87,1.7,0.5278,0.07,3,29,Low Performing
2025-06-28,Pricing,Paid Search,Paid,3,4,0.5122,182.24,1.3,0.5344,0.0044,0,17,High Performing
2025-06-28,Home,Direct,Direct,6,6,0.3997,190.95,4.16,0.5911,0.0616,1,70,Low Performing
2025-06-28,Pricing,Social,Social,8,8,0.4828,47.94,1.85,0.5519,0.0321,0,26,High Performing
2025-06-28,Checkout,Direct,Direct,2,2,0.4634,103.21,2.28,0.5343,0.0457,0,11,Average Performing
2025-06-28,Blog,Organic Search,Organic,5,5,0.5561,475.88,1.0,0.4528,0.045,0,30,Average Performing
2025-06-29,Home,Social,Social,9,11,0.4685,234.82,1.0,0.4978,0.0556,0,63,Low Performing
2025-06-29,Contact,Paid Search,Paid,8,9,0.4297,306.48,3.38,0.5297,0.0604,0,86,High Performing
2025-06-29,Home,Referral,Referral,11,11,0.5102,104.25,3.87,0.4727,0.0566,2,96,Low Performing
2025-06-29,Products,Direct,Direct,4,5,0.6175,132.54,3.39,0.3775,0.0474,0,26,Low Performing
2025-06-29,Home,Social,Social,2,2,0.4158,271.79,1.5,0.6103,0.0059,0,7,Low Performing
2025-06-29,About,Direct,Direct,11,11,0.47,255.09,4.61,0.5362,0.089,0,149,High Performing
2025-06-29,Checkout,Direct,Direct,2,3,0.5078,227.19,2.93,0.5882,0.0761,0,33,Average Performing
2025-06-30,FAQ,Social,Social,4,4,0.5392,68.05,2.34,0.4815,0.0302,0,5,Low Performing
2025-06-30,Products,Organic Search,Organic,6,6,0.5155,33.95,4.25,0.4204,0.0691,1,65,Low Performing
2025-06-30,Blog,Organic Search,Organic,3,4,0.5456,194.18,3.08,0.4587,0.0598,0,35,Average Performing
2025-06-30,Landing Page,Organic Search,Organic,11,14,0.3954,108.6,1.52,0.6137,0.0638,0,25,Average Performing
2025-06-30,About,Direct,Direct,5,5,0.5352,39.74,2.86,0.4675,0.0637,0,28,High Performing
2025-06-30,Contact,Paid Search,Paid,1,2,0.4951,277.85,1.56,0.4998,0.0607,0,11,High Performing
2025-06-30,Blog,Paid Search,Paid,8,9,0.5662,273.21,1.25,0.4453,0.06,0,38,Average Performing
2025-06-30,Home,Organic Search,Organic,4,4,0.4711,297.23,3.44,0.5205,0.0496,0,41,Low Performing
2025-06-30,About,Referral,Referral,1,3,0.4974,59.1,1.22,0.5529,0.0172,0,27,High Performing
2025-07-01,Products,Organic Search,Organic,10,10,0.5107,102.68,1.59,0.4457,0.0276,1,61,Low Performing
2025-07-01,Landing Page,Paid Search,Paid,9,12,0.5066,205.97,1.84,0.5272,0.0374,0,71,Average Performing
2025-07-01,Blog,Direct,Direct,11,13,0.3984,91.69,3.37,0.6387,0.0637,0,99,Average Performing
2025-07-01,Home,Organic Search,Organic,7,7,0.4579,164.47,3.68,0.5734,0.0679,1,67,Low Performing
2025-07-01,Blog,Paid Search,Paid,3,4,0.5596,496.85,1.0,0.4147,0.0368,0,1,Average Performing
2025-07-01,Products,Organic Search,Organic,1,1,0.4606,170.97,1.43,0.5206,0.0406,0,4,Low Performing
2025-07-01,About,Social,Social,1,3,0.4615,309.19,4.11,0.5401,0.0611,2,37,High Performing
2025-07-01,Products,Social,Social,7,9,0.576,78.92,1.97,0.4061,0.0511,0,41,Low Performing
2025-07-01,Contact,Social,Social,6,8,0.4478,206.24,3.81,0.5336,0.0657,0,62,High Performing
2025-07-01,Contact,Organic Search,Organic,1,1,0.5,61.34,4.52,0.441,0.1086,0,9,High Performing
2025-07-02,Products,Organic Search,Organic,3,3,0.5638,55.49,1.42,0.5047,0.0608,0,19,Low Performing
2025-07-02,Services,Direct,Direct,3,4,0.5575,239.88,1.0,0.4163,0.0324,0,24,Average Performing
2025-07-02,Blog,Social,Social,4,5,0.5141,140.35,3.51,0.4843,0.0645,0,32,Average Performing
2025-07-02,Home,Organic Search,Organic,9,9,0.5825,94.53,1.0,0.4116,0.0363,1,16,Low Performing
2025-07-03,Home,Organic Search,Organic,2,2,0.4344,380.27,1.33,0.5196,0.0679,0,9,Low Performing
2025-07-03,Pricing,Social,Social,6,6,0.5257,160.59,1.17,0.4273,0.0537,0,20,High Performing
2025-07-03,Pricing,Organic Search,Organic,10,11,0.4951,146.5,2.44,0.5039,0.0874,1,65,High Performing
2025-07-03,Contact,Organic Search,Organic,9,9,0.4087,562.12,4.75,0.6261,0.1086,0,98,High Performing
2025-07-04,About,Direct,Direct,9,12,0.5129,386.12,2.67,0.4274,0.0807,1,35,High Performing
2025-07-04,Home,Direct,Direct,5,5,0.5388,307.96,1.0,0.4174,0.0528,0,19,Low Performing
2025-07-04,Services,Social,Social,3,3,0.5425,108.16,2.41,0.4734,0.0478,0,14,Average Performing
2025-07-04,Blog,Referral,Referral,5,6,0.4886,265.83,2.57,0.4598,0.063,0,61,Average Performing
2025-07-04,Services,Social,Social,3,4,0.5893,83.61,7.85,0.3852,0.1391,0,66,Average Performing
2025-07-04,Home,Organic Search,Organic,7,7,0.414,53.97,1.69,0.6364,0.0408,0,6,Low Performing
2025-07-04,Blog,Organic Search,Organic,3,6,0.4848,99.37,1.54,0.563,0.0302,1,26,Average Performing
2025-07-05,Blog,Organic Search,Organic,10,12,0.4859,199.59,3.29,0.5757,0.0126,1,101,Average Performing
2025-07-05,Home,Organic Search,Organic,10,13,0.5409,82.79,1.0,0.3821,0.0235,0,33,Low Performing
2025-07-05,Services,Direct,Direct,9,9,0.4657,164.64,2.55,0.5427,0.0492,0,62,Average Performing
2025-07-05,Services,Referral,Referral,5,7,0.4319,401.38,5.31,0.6468,0.0911,1,66,Average Performing
2025-07-05,About,Organic Search,Organic,7,7,0.4587,211.3,3.25,0.5434,0.0616,2,45,High Performing
2025-07-06,Blog,Direct,Direct,5,6,0.4644,32.27,4.8,0.5473,0.0787,0,56,Average Performing
2025-07-06,Blog,Referral,Referral,3,3,0.4956,184.42,3.59,0.545,0.1064,0,31,Average Performing
2025-07-06,Services,Organic Search,Organic,5,6,0.3809,290.95,5.68,0.5907,0.0838,0,78,Average Performing
2025-07-06,Blog,Social,Social,2,2,0.4716,203.89,1.4,0.5816,0.0484,0,6,Average Performing
2025-07-06,About,Paid Search,Paid,11,12,0.5211,382.98,1.93,0.4605,0.035,0,27,High Performing
2025-07-06,Products,Paid Search,Paid,2,3,0.4951,86.71,3.23,0.4633,0.0416,0,19,Low Performing
2025-07-06,Home,Organic Search,Organic,6,7,0.4319,201.0,3.5,0.5089,0.0709,1,37,Low Performing
2025-07-06,Pricing,Direct,Direct,5,5,0.4649,46.37,1.67,0.5837,0.0468,1,17,High Performing
2025-07-07,Blog,Direct,Direct,9,9,0.5335,59.02,1.74,0.4243,0.0157,0,32,Average Performing
2025-07-07,Pricing,Social,Social,5,5,0.4641,198.16,5.46,0.4905,0.0965,0,50,High Performing
2025-07-07,Services,Paid Search,Paid,2,4,0.6164,85.61,1.0,0.4114,0.0275,0,6,Average Performing
2025-07-07,About,Organic Search,Organic,8,8,0.4328,245.9,1.31,0.5866,0.0446,0,13,High Performing
2025-07-07,Services,Direct,Direct,6,8,0.5072,96.3,3.83,0.4733,0.07,0,56,Average Performing
2025-07-07,Products,Organic Search,Organic,3,5,0.4602,164.48,1.21,0.4852,0.0276,0,20,Low Performing
2025-07-07,Checkout,Direct,Direct,7,7,0.5428,422.17,1.0,0.3866,0.0539,0,28,Average Performing
2025-07-08,Pricing,Organic Search,Organic,7,9,0.4755,381.16,1.0,0.5779,0.0646,0,51,High Performing
2025-07-08,Home,Direct,Direct,9,10,0.4121,126.06,3.84,0.5979,0.0401,1,76,Low Performing
2025-07-08,Landing Page,Social,Social,9,9,0.5389,135.49,3.25,0.5234,0.0693,0,63,Average Performing
2025-07-08,Contact,Direct,Direct,6,9,0.5121,366.3,1.73,0.5039,0.0741,3,29,High Performing
2025-07-08,Home,Organic Search,Organic,5,6,0.5467,165.71,2.2,0.4213,0.0946,1,53,Low Performing
2025-07-08,Landing Page,Organic Search,Organic,11,12,0.5289,84.07,3.2,0.4919,0.0756,1,113,Average Performing
2025-07-08,Pricing,Organic Search,Organic,2,5,0.5134,245.83,1.83,0.4059,0.0308,0,17,High Performing
2025-07-08,Checkout,Social,Social,10,13,0.508,255.42,1.6,0.5046,0.0427,0,27,Average Performing
2025-07-08,Services,Paid Search,Paid,8,9,0.5571,106.02,1.78,0.4328,0.0376,0,61,Average Performing
2025-07-09,Products,Paid Search,Paid,2,3,0.5221,243.85,2.43,0.5184,0.0837,0,24,Low Performing
2025-07-09,Blog,Organic Search,Organic,2,3,0.5073,319.84,3.92,0.4941,0.0975,0,35,Average Performing
2025-07-09,Products,Direct,Direct,9,10,0.4449,141.11,3.57,0.5215,0.069,0,78,Low Performing
2025-07-09,Blog,Referral,Referral,4,5,0.432,311.33,1.93,0.5117,0.0193,0,26,Average Performing
2025-07-09,Products,Referral,Referral,6,7,0.5766,70.09,3.7,0.4281,0.0426,0,58,Low Performing
2025-07-10,Checkout,Referral,Referral,10,11,0.412,196.37,3.98,0.5952,0.0644,1,86,Average Performing
2025-07-10,Pricing,Direct,Direct,11,11,0.4826,408.73,6.04,0.5299,0.1255,1,109,High Performing
2025-07-10,Pricing,Paid Search,Paid,7,10,0.4271,21.63,10.75,0.5768,0.1455,1,242,High Performing
2025-07-10,Home,Organic Search,Organic,2,4,0.5511,59.35,3.67,0.4057,0.0819,0,28,Low Performing
2025-07-10,Services,Organic Search,Organic,5,7,0.4507,137.17,2.11,0.6082,0.0498,1,48,Average Performing
2025-07-10,Contact,Organic Search,Organic,4,5,0.4718,414.43,2.18,0.5098,0.0501,2,38,High Performing
2025-07-11,About,Direct,Direct,4,6,0.5001,129.82,1.0,0.5649,0.0339,0,24,High Performing
2025-07-11,Products,Referral,Referral,3,3,0.6131,176.74,2.17,0.3648,0.0557,0,21,Low Performing
2025-07-11,Blog,Organic Search,Organic,5,6,0.5333,258.08,1.0,0.4346,0.0447,0,1,Average Performing
2025-07-11,Pricing,Referral,Referral,7,7,0.3843,154.95,4.25,0.5787,0.0496,1,60,High Performing
2025-07-11,Blog,Social,Social,11,11,0.4926,164.25,5.4,0.5125,0.0832,0,133,Average Performing
2025-07-11,Checkout,Paid Search,Paid,1,3,0.4585,138.02,11.58,0.5773,0.1329,0,69,Average Performing
2025-07-12,Landing Page,Organic Search,Organic,7,9,0.5308,182.05,4.84,0.4527,0.1007,0,118,Average Performing
2025-07-12,Home,Referral,Referral,4,6,0.455,216.73,3.9,0.6631,0.0798,0,56,Low Performing
2025-07-12,Landing Page,Direct,Direct,3,4,0.5652,57.78,2.9,0.4236,0.0679,0,29,Average Performing
2025-07-12,Products,Referral,Referral,9,10,0.5596,206.72,1.0,0.4377,0.0346,0,11,Low Performing
2025-07-12,Services,Referral,Referral,3,6,0.4815,323.64,3.28,0.5271,0.0608,0,47,Average Performing
2025-07-13,Pricing,Social,Social,4,4,0.5562,123.02,3.27,0.4403,0.0483,2,45,High Performing
2025-07-13,Products,Direct,Direct,3,5,0.513,129.32,1.0,0.5164,0.0117,0,20,Low Performing
2025-07-13,About,Paid Search,Paid,3,3,0.4275,298.79,6.79,0.5985,0.0906,0,41,High Performing
2025-07-13,Home,Referral,Referral,7,8,0.5138,318.19,2.25,0.4761,0.0554,0,46,Low Performing
2025-07-13,Landing Page,Social,Social,9,10,0.4713,121.83,4.4,0.5202,0.0773,0,113,Average Performing
2025-07-14,Contact,Referral,Referral,7,7,0.433,192.08,4.17,0.565,0.0523,0,66,High Performing
2025-07-14,Home,Referral,Referral,11,14,0.4785,295.9,2.54,0.5091,0.0692,1,103,Low Performing
2025-07-14,Pricing,Organic Search,Organic,6,7,0.495,134.57,2.28,0.5139,0.0625,0,64,High Performing
2025-07-14,Products,Social,Social,8,8,0.6371,100.26,1.43,0.3806,0.0374,1,50,Low Performing
2025-07-14,Home,Organic Search,Organic,4,5,0.4593,149.3,2.91,0.5514,0.051,0,43,Low Performing
2025-07-14,Landing Page,Organic Search,Organic,9,10,0.5431,260.71,4.54,0.4418,0.1047,1,86,Average Performing
2025-07-15,Contact,Organic Search,Organic,9,10,0.5527,215.42,2.23,0.4008,0.0605,0,33,High Performing
2025-07-15,Home,Organic Search,Organic,7,9,0.5029,266.02,1.83,0.5131,0.0457,1,91,Low Performing
2025-07-15,Pricing,Referral,Referral,11,12,0.4311,51.96,2.99,0.5694,0.0781,2,50,High Performing
2025-07-15,Home,Referral,Referral,4,5,0.3993,156.58,6.79,0.6832,0.0854,0,70,Low Performing
2025-07-15,FAQ,Organic Search,Organic,4,5,0.5311,322.29,3.82,0.4645,0.1023,0,43,Low Performing
2025-07-15,Services,Direct,Direct,1,1,0.379,457.41,1.98,0.6314,0.0593,0,5,Average Performing
2025-07-16,Blog,Organic Search,Organic,1,2,0.4856,92.73,2.26,0.5366,0.0424,0,16,Average Performing
2025-07-16,Landing Page,Organic Search,Organic,2,3,0.5868,257.87,3.55,0.3432,0.0485,0,27,Average Performing
2025-07-16,About,Organic Search,Organic,8,12,0.5176,46.06,3.5,0.4708,0.0441,0,89,High Performing
2025-07-16,Blog,Direct,Direct,7,9,0.5773,167.3,1.0,0.4803,0.0488,0,27,Average Performing
2025-07-16,Pricing,Social,Social,5,9,0.5696,127.13,2.85,0.4254,0.0336,0,44,High Performing
2025-07-16,Home,Paid Search,Paid,7,7,0.4765,112.09,1.76,0.6003,0.0328,1,35,Low Performing
2025-07-16,Pricing,Social,Social,2,3,0.5338,204.67,1.73,0.4282,0.0501,0,8,High Performing
2025-07-16,Products,Referral,Referral,6,8,0.5574,161.5,1.0,0.4489,0.0243,1,7,Low Performing
2025-07-17,Pricing,Direct,Direct,5,6,0.4968,134.87,2.39,0.4847,0.0324,1,52,High Performing
2025-07-17,Services,Referral,Referral,7,8,0.4967,177.59,1.3,0.5163,0.0264,0,30,Average Performing
2025-07-17,Blog,Organic Search,Organic,6,6,0.4894,229.57,3.88,0.5339,0.0613,1,65,Average Performing
2025-07-17,Pricing,Referral,Referral,4,4,0.4628,131.5,7.42,0.5566,0.0974,0,64,High Performing
2025-07-17,Services,Direct,Direct,1,3,0.4499,153.07,1.5,0.5158,0.0319,0,33,Average Performing
2025-07-17,FAQ,Organic Search,Organic,10,12,0.4712,318.78,1.57,0.4961,0.0197,0,10,Low Performing
2025-07-17,Services,Paid Search,Paid,6,7,0.3797,191.24,4.83,0.6744,0.0559,0,84,Average Performing
2025-07-18,Services,Organic Search,Organic,2,4,0.5527,252.22,1.0,0.4936,0.0088,0,14,Average Performing
2025-07-18,Pricing,Referral,Referral,2,3,0.4896,76.78,1.67,0.4298,0.0243,0,13,High Performing
2025-07-18,About,Paid Search,Paid,4,6,0.5466,89.24,3.64,0.4507,0.0698,1,58,High Performing
2025-07-18,FAQ,Referral,Referral,7,9,0.5205,197.13,5.12,0.4326,0.0746,0,106,Low Performing
2025-07-18,Contact,Organic Search,Organic,11,11,0.5036,66.22,5.91,0.5549,0.1154,2,117,High Performing
2025-07-18,Home,Paid Search,Paid,5,7,0.3904,92.62,7.8,0.5492,0.1091,1,84,Low Performing
2025-07-19,Products,Paid Search,Paid,10,13,0.4389,109.17,2.85,0.6109,0.031,0,98,Low Performing
2025-07-19,Landing Page,Direct,Direct,10,12,0.6058,238.72,7.49,0.3874,0.1165,2,155,Average Performing
2025-07-19,Products,Direct,Direct,7,7,0.3916,221.32,7.7,0.624,0.0976,0,139,Low Performing
2025-07-19,Blog,Paid Search,Paid,1,2,0.4933,120.2,1.91,0.5441,0.0585,1,9,Average Performing
2025-07-19,Contact,Organic Search,Organic,5,7,0.6454,120.3,1.0,0.4187,0.0217,0,19,High Performing
2025-07-19,Contact,Direct,Direct,1,2,0.4177,252.84,3.16,0.6072,0.0444,0,10,High Performing
2025-07-19,About,Referral,Referral,10,11,0.5676,221.61,2.61,0.4383,0.0719,2,76,High Performing
2025-07-19,Services,Direct,Direct,4,4,0.3784,194.28,9.85,0.6472,0.1433,0,91,Average Performing
2025-07-20,Blog,Direct,Direct,8,9,0.4987,166.57,1.0,0.4704,0.0564,0,58,Average Performing
2025-07-20,FAQ,Paid Search,Paid,9,11,0.5869,331.0,1.0,0.4199,0.0395,1,49,Low Performing
2025-07-20,Services,Organic Search,Organic,3,4,0.4818,133.62,1.28,0.5306,0.0495,0,15,Average Performing
2025-07-20,Blog,Organic Search,Organic,3,6,0.5488,41.14,1.0,0.4558,0.0519,0,23,Average Performing
2025-07-22,Checkout,Direct,Direct,6,7,0.4891,167.09,6.09,0.5386,0.0937,1,81,Average Performing
2025-07-22,Blog,Referral,Referral,6,7,0.5052,91.18,6.54,0.5461,0.0448,0,115,Average Performing
2025-07-22,Home,Direct,Direct,5,6,0.4492,318.62,5.4,0.4712,0.0719,0,70,Low Performing
2025-07-22,Home,Referral,Referral,1,4,0.4873,203.36,1.57,0.4882,0.0298,0,18,Low Performing
2025-07-22,Checkout,Organic Search,Organic,7,8,0.4857,52.42,1.88,0.52,0.0278,0,32,Average Performing
2025-07-23,About,Organic Search,Organic,8,8,0.438,132.76,8.69,0.5734,0.1151,0,133,High Performing
2025-07-23,Blog,Paid Search,Paid,6,7,0.2999,69.74,4.76,0.7017,0.0688,0,102,Average Performing
2025-07-23,Home,Direct,Direct,7,7,0.5878,236.23,1.0,0.4542,0.0417,0,26,Low Performing
2025-07-23,Blog,Organic Search,Organic,1,4,0.5176,196.92,1.0,0.4686,0.036,0,29,Average Performing
2025-07-24,FAQ,Organic Search,Organic,10,11,0.5256,167.73,3.54,0.4165,0.067,0,51,Low Performing
2025-07-24,FAQ,Paid Search,Paid,4,8,0.3833,291.05,1.07,0.681,0.0505,0,17,Low Performing
2025-07-25,About,Direct,Direct,5,6,0.452,87.9,1.0,0.5423,0.0165,0,14,High Performing
2025-07-25,Landing Page,Direct,Direct,3,3,0.6556,356.47,4.79,0.3118,0.1207,1,36,Average Performing
2025-07-25,Blog,Organic Search,Organic,8,8,0.4794,289.99,4.73,0.5878,0.1013,0,100,Average Performing
2025-07-25,About,Organic Search,Organic,3,6,0.441,369.09,2.17,0.5934,0.0693,1,30,High Performing
2025-07-25,Pricing,Paid Search,Paid,11,13,0.5269,42.67,6.32,0.4544,0.1252,2,156,High Performing
2025-07-25,Home,Direct,Direct,5,6,0.3856,103.67,5.42,0.6141,0.0905,0,50,Low Performing
2025-07-25,Blog,Social,Social,7,7,0.5407,20.0,1.6,0.4964,0.011,0,36,Average Performing
2025-07-26,Services,Paid Search,Paid,2,4,0.5281,109.4,1.0,0.5018,0.0101,0,35,Average Performing
2025-07-26,Pricing,Organic Search,Organic,2,2,0.5003,396.12,1.58,0.5112,0.0195,0,9,High Performing
2025-07-26,About,Paid Search,Paid,8,9,0.5331,116.59,5.83,0.5192,0.0716,2,150,High Performing
2025-07-26,FAQ,Direct,Direct,11,11,0.5005,289.51,2.33,0.4737,0.0348,1,82,Low Performing
2025-07-27,Landing Page,Social,Social,1,2,0.4906,228.11,4.21,0.5549,0.0895,0,13,Average Performing
2025-07-27,Checkout,Organic Search,Organic,3,4,0.5463,230.59,4.06,0.4912,0.0718,0,33,Average Performing
2025-07-27,FAQ,Direct,Direct,10,10,0.5695,156.89,1.52,0.4796,0.047,1,38,Low Performing
2025-07-27,Services,Organic Search,Organic,7,7,0.5238,98.46,1.0,0.4941,0.0356,0,27,Average Performing
2025-07-27,Home,Paid Search,Paid,8,10,0.3767,439.77,3.14,0.6269,0.0568,0,88,Low Performing
2025-07-27,Home,Direct,Direct,4,6,0.5147,169.49,1.09,0.589,0.0598,0,42,Low Performing
2025-07-27,Blog,Social,Social,1,4,0.507,326.69,3.5,0.4591,0.0757,0,39,Average Performing
2025-07-28,Products,Direct,Direct,10,11,0.5902,165.1,1.98,0.4074,0.0667,0,41,Low Performing
2025-07-28,Home,Paid Search,Paid,7,8,0.61,268.52,1.65,0.38,0.036,0,35,Low Performing
2025-07-28,Home,Paid Search,Paid,11,13,0.5515,82.1,6.44,0.3969,0.0929,1,132,Low Performing
2025-07-28,FAQ,Direct,Direct,10,10,0.5056,169.88,1.83,0.4675,0.0551,3,37,Low Performing
2025-07-28,Checkout,Organic Search,Organic,9,11,0.5515,262.27,1.38,0.5075,0.0439,0,126,Average Performing
2025-07-28,Blog,Organic Search,Organic,8,8,0.6201,45.9,2.73,0.3833,0.0371,0,35,Average Performing
2025-07-28,Home,Paid Search,Paid,7,9,0.4751,40.08,1.89,0.5692,0.0227,0,29,Low Performing
2025-07-28,Landing Page,Organic Search,Organic,11,15,0.4455,228.77,1.0,0.5544,0.0155,0,18,Average Performing
2025-07-29,Pricing,Direct,Direct,7,7,0.5203,239.56,1.0,0.4722,0.049,2,38,High Performing
2025-07-29,Products,Referral,Referral,3,4,0.428,168.69,2.85,0.6399,0.0617,0,29,Low Performing
2025-07-29,Blog,Organic Search,Organic,10,10,0.5215,332.52,1.45,0.4852,0.044,1,58,Average Performing
2025-07-29,About,Referral,Referral,4,5,0.572,196.64,5.02,0.3916,0.0987,0,74,High Performing
2025-07-29,Products,Direct,Direct,6,7,0.4823,71.74,3.51,0.4897,0.069,0,78,Low Performing
2025-07-29,Checkout,Referral,Referral,1,2,0.4903,456.05,1.21,0.4993,0.0236,0,10,Average Performing
2025-07-30,Landing Page,Paid Search,Paid,3,3,0.5175,203.11,1.0,0.4652,0.0268,0,15,Average Performing
2025-07-30,Blog,Paid Search,Paid,9,10,0.3841,426.16,4.07,0.6095,0.1122,0,122,Average Performing
2025-07-30,Products,Paid Search,Paid,6,6,0.4667,121.85,1.68,0.526,0.0617,0,32,Low Performing
2025-07-30,Home,Paid Search,Paid,6,8,0.4522,58.12,2.85,0.5482,0.0768,1,63,Low Performing
2025-07-30,Home,Social,Social,3,5,0.5271,329.39,2.89,0.5256,0.0499,0,27,Low Performing
2025-07-30,Home,Referral,Referral,2,3,0.5231,219.36,2.81,0.5158,0.0256,0,21,Low Performing
2025-07-30,Home,Referral,Referral,8,9,0.4821,410.59,3.15,0.4874,0.0638,1,65,Low Performing
2025-07-31,Products,Referral,Referral,9,12,0.4172,47.24,5.62,0.5857,0.0969,1,127,Low Performing
2025-07-31,Landing Page,Referral,Referral,7,7,0.4496,86.06,5.9,0.5584,0.0805,1,98,Average Performing
2025-07-31,Home,Social,Social,7,9,0.5182,173.62,1.93,0.5108,0.0398,0,91,Low Performing
2025-07-31,Home,Paid Search,Paid,6,7,0.5328,142.36,1.76,0.4123,0.0474,0,39,Low Performing
2025-07-31,Landing Page,Organic Search,Organic,8,11,0.3887,21.06,4.98,0.6515,0.0747,1,140,Average Performing
2025-07-31,Landing Page,Referral,Referral,5,8,0.5298,447.78,2.42,0.5182,0.0919,0,35,Average Performing
2025-07-31,Contact,Direct,Direct,5,5,0.5384,111.62,1.75,0.4662,0.0548,0,18,High Performing
2025-08-01,Home,Organic Search,Organic,11,12,0.426,441.74,3.91,0.5438,0.0824,1,114,Low Performing
2025-08-01,Products,Paid Search,Paid,2,2,0.4102,168.28,5.33,0.5717,0.0996,0,27,Low Performing
2025-08-01,About,Organic Search,Organic,6,7,0.4425,67.32,1.47,0.553,0.0281,0,26,High Performing
2025-08-02,Services,Paid Search,Paid,11,11,0.4852,121.43,2.85,0.524,0.0569,0,59,Average Performing
2025-08-02,Contact,Organic Search,Organic,6,8,0.4716,258.17,4.85,0.5368,0.1071,1,76,High Performing
2025-08-02,Landing Page,Paid Search,Paid,10,11,0.4363,100.06,1.36,0.5651,0.0561,0,83,Average Performing
2025-08-02,Landing Page,Social,Social,11,11,0.4062,88.06,2.54,0.5985,0.0551,0,4,Average Performing
2025-08-02,Services,Organic Search,Organic,7,7,0.472,237.95,4.26,0.5533,0.1035,1,63,Average Performing
2025-08-02,Home,Organic Search,Organic,3,3,0.5359,165.52,1.17,0.554,0.0331,0,9,Low Performing
2025-08-02,Products,Referral,Referral,5,5,0.5892,134.37,1.87,0.4365,0.0266,0,27,Low Performing
2025-08-02,Landing Page,Direct,Direct,6,9,0.5264,284.7,6.5,0.5023,0.109,2,151,Average Performing
2025-08-03,Blog,Referral,Referral,8,8,0.4135,228.46,1.75,0.5366,0.0375,1,46,Average Performing
2025-08-03,About,Social,Social,4,6,0.4879,60.09,4.65,0.5118,0.0456,0,48,High Performing
2025-08-03,Products,Organic Search,Organic,2,5,0.4837,123.74,1.84,0.5422,0.0612,0,30,Low Performing
2025-08-03,About,Paid Search,Paid,8,10,0.4185,302.59,2.84,0.5989,0.0661,0,45,High Performing
2025-08-03,Home,Social,Social,5,6,0.5604,265.29,1.0,0.3872,0.0517,0,24,Low Performing
2025-08-03,Home,Organic Search,Organic,9,13,0.5694,91.2,5.81,0.4411,0.0559,1,166,Low Performing
2025-08-04,Home,Referral,Referral,4,4,0.4849,138.81,2.76,0.4774,0.0616,0,26,Low Performing
2025-08-04,Checkout,Direct,Direct,1,2,0.5604,305.87,3.22,0.4526,0.0742,0,13,Average Performing
2025-08-04,Products,Paid Search,Paid,5,6,0.4862,167.08,2.3,0.4859,0.0362,1,39,Low Performing
2025-08-04,About,Referral,Referral,8,9,0.4547,111.35,1.81,0.5345,0.0414,1,42,High Performing
2025-08-04,Pricing,Organic Search,Organic,2,5,0.5101,189.42,2.31,0.5231,0.0533,0,16,High Performing
2025-08-04,Products,Direct,Direct,2,2,0.5266,96.54,4.59,0.5012,0.0565,0,24,Low Performing
2025-08-04,Pricing,Referral,Referral,7,7,0.4803,77.79,8.13,0.4734,0.1124,0,118,High Performing
2025-08-04,Services,Referral,Referral,10,12,0.5122,187.09,3.59,0.4099,0.0925,0,112,Average Performing
2025-08-04,Pricing,Organic Search,Organic,5,5,0.4679,66.42,3.79,0.5266,0.0551,1,48,High Performing
2025-08-05,Home,Organic Search,Organic,9,10,0.4771,100.42,1.0,0.5118,0.0275,0,66,Low Performing
2025-08-05,FAQ,Organic Search,Organic,8,8,0.4892,138.74,5.75,0.44,0.098,1,115,Low Performing
2025-08-05,Products,Direct,Direct,2,2,0.494,159.91,1.0,0.4788,0.0121,1,3,Low Performing
2025-08-05,Pricing,Organic Search,Organic,3,5,0.4805,347.05,1.57,0.4901,0.0077,0,24,High Performing
2025-08-05,Products,Direct,Direct,1,1,0.5427,89.49,3.25,0.4362,0.0253,0,9,Low Performing
2025-08-06,Home,Paid Search,Paid,11,13,0.5017,187.57,3.32,0.5217,0.0637,2,80,Low Performing
2025-08-06,Blog,Organic Search,Organic,6,6,0.447,255.65,1.0,0.6144,0.0311,0,34,Average Performing
2025-08-06,Home,Social,Social,11,13,0.5025,125.3,3.96,0.5245,0.0803,1,124,Low Performing
2025-08-06,Landing Page,Organic Search,Organic,8,11,0.4677,129.77,1.0,0.514,0.0316,0,52,Average Performing
2025-08-06,FAQ,Organic Search,Organic,1,4,0.4935,56.12,5.17,0.5289,0.1005,0,53,Low Performing
2025-08-07,Services,Organic Search,Organic,2,3,0.544,72.75,3.1,0.4604,0.031,0,15,Average Performing
2025-08-07,Blog,Paid Search,Paid,4,7,0.4162,105.82,4.66,0.5947,0.0614,1,101,Average Performing
2025-08-07,FAQ,Organic Search,Organic,10,12,0.6227,20.0,1.05,0.4016,0.0134,0,61,Low Performing
2025-08-07,Products,Direct,Direct,5,7,0.4911,117.65,1.0,0.4992,0.0351,0,27,Low Performing
2025-08-07,Contact,Referral,Referral,1,3,0.454,145.9,5.34,0.495,0.069,0,29,High Performing
2025-08-07,Home,Social,Social,11,13,0.54,188.39,5.28,0.4827,0.0654,3,138,Low Performing
2025-08-08,Home,Organic Search,Organic,4,5,0.4322,141.19,2.88,0.5789,0.0522,0,25,Low Performing
2025-08-08,Products,Referral,Referral,11,14,0.4054,363.32,1.88,0.6039,0.0621,0,90,Low Performing
2025-08-08,Blog,Organic Search,Organic,7,7,0.5057,212.8,1.86,0.5578,0.0609,0,36,Average Performing
2025-08-08,Landing Page,Paid Search,Paid,11,12,0.4097,102.41,2.61,0.6472,0.0515,1,85,Average Performing
2025-08-08,Services,Direct,Direct,9,10,0.4814,261.21,5.25,0.541,0.0883,0,97,Average Performing
2025-08-08,Products,Organic Search,Organic,2,3,0.5271,176.25,2.9,0.4711,0.0514,0,24,Low Performing
2025-08-08,About,Organic Search,Organic,4,7,0.5187,174.32,2.85,0.4653,0.0581,0,66,High Performing
2025-08-08,Services,Organic Search,Organic,5,7,0.5768,80.63,2.74,0.3933,0.0448,1,52,Average Performing
2025-08-08,Services,Social,Social,7,7,0.4774,287.19,1.29,0.5191,0.0477,0,50,Average Performing
2025-08-09,Landing Page,Organic Search,Organic,4,5,0.4649,157.22,3.06,0.5398,0.0324,0,20,Average Performing
2025-08-09,Home,Direct,Direct,2,5,0.6032,404.66,1.43,0.3534,0.0605,0,11,Low Performing
2025-08-09,FAQ,Organic Search,Organic,3,3,0.48,193.01,4.76,0.5239,0.0712,1,36,Low Performing
2025-08-09,Checkout,Referral,Referral,6,6,0.407,475.64,1.32,0.661,0.0413,0,32,Average Performing
2025-08-09,About,Paid Search,Paid,4,6,0.4527,183.14,4.63,0.5246,0.0694,0,67,High Performing
2025-08-10,Services,Organic Search,Organic,11,11,0.4367,86.87,9.23,0.5429,0.1225,3,152,Average Performing
2025-08-10,Blog,Direct,Direct,3,5,0.4486,56.45,2.61,0.562,0.059,1,36,Average Performing
2025-08-10,Services,Referral,Referral,8,9,0.5428,108.29,2.76,0.468,0.0625,0,46,Average Performing
2025-08-10,Services,Organic Search,Organic,5,6,0.5053,138.91,2.15,0.4429,0.0637,0,21,Average Performing
2025-08-11,Products,Paid Search,Paid,2,3,0.5456,132.01,2.44,0.4018,0.0678,0,19,Low Performing
2025-08-11,Blog,Organic Search,Organic,9,10,0.4211,448.96,2.45,0.6069,0.0491,1,41,Average Performing
2025-08-11,Pricing,Social,Social,1,3,0.4669,193.58,2.92,0.5337,0.0495,0,8,High Performing
2025-08-12,Blog,Referral,Referral,1,2,0.4753,595.7,2.68,0.4844,0.061,0,8,Average Performing
2025-08-12,Landing Page,Social,Social,3,5,0.4806,219.57,1.27,0.5169,0.0189,0,14,Average Performing
2025-08-12,Products,Paid Search,Paid,10,11,0.57,160.77,2.79,0.3945,0.0584,0,112,Low Performing
2025-08-12,Products,Paid Search,Paid,2,3,0.5911,93.18,4.05,0.447,0.0508,0,30,Low Performing
2025-08-12,Landing Page,Direct,Direct,2,3,0.544,101.04,1.97,0.4627,0.0442,1,12,Average Performing
2025-08-13,Home,Direct,Direct,9,11,0.4472,252.44,1.0,0.5489,0.0354,0,31,Low Performing
2025-08-13,Pricing,Organic Search,Organic,5,6,0.508,138.34,2.63,0.5306,0.0861,2,59,High Performing
2025-08-13,Home,Social,Social,11,12,0.5902,187.99,2.16,0.3968,0.0561,2,51,Low Performing
2025-08-13,Blog,Organic Search,Organic,3,4,0.4323,126.85,1.93,0.6315,0.0213,1,31,Average Performing
2025-08-14,Products,Organic Search,Organic,11,14,0.4825,665.14,1.0,0.5311,0.0517,3,30,Low Performing
2025-08-14,Blog,Organic Search,Organic,4,5,0.4192,20.0,2.82,0.589,0.0446,0,56,Average Performing
2025-08-14,Products,Paid Search,Paid,5,5,0.5096,195.09,1.0,0.4774,0.0218,0,23,Low Performing
2025-08-14,Products,Organic Search,Organic,11,11,0.5225,110.94,1.0,0.5089,0.0167,0,82,Low Performing
2025-08-14,Home,Referral,Referral,3,5,0.5613,47.41,2.65,0.457,0.014,0,21,Low Performing
2025-08-14,Landing Page,Referral,Referral,4,4,0.4999,306.58,2.81,0.5233,0.0544,0,23,Average Performing
2025-08-14,About,Organic Search,Organic,10,10,0.5404,42.8,2.83,0.4749,0.021,0,35,High Performing
2025-08-14,Checkout,Referral,Referral,2,4,0.5597,35.46,4.77,0.3549,0.0675,0,54,Average Performing
2025-08-15,About,Organic Search,Organic,9,9,0.4625,232.47,1.98,0.5326,0.0389,0,36,High Performing
2025-08-15,Home,Referral,Referral,1,3,0.5866,157.59,1.99,0.3682,0.0585,0,21,Low Performing
2025-08-16,Checkout,Social,Social,6,6,0.4314,251.98,2.77,0.5734,0.0647,1,7,Average Performing
2025-08-16,Checkout,Paid Search,Paid,1,5,0.5422,126.24,1.18,0.4284,0.0,0,18,Average Performing
2025-08-16,Products,Paid Search,Paid,11,11,0.452,280.93,3.28,0.4693,0.069,0,119,Low Performing
2025-08-16,Products,Direct,Direct,11,12,0.3784,167.31,1.75,0.613,0.0255,0,87,Low Performing
2025-08-17,Blog,Social,Social,3,5,0.4582,79.28,7.03,0.5778,0.0804,1,95,Average Performing
2025-08-17,Home,Organic Search,Organic,7,9,0.4998,486.22,1.37,0.4637,0.0474,0,47,Low Performing
2025-08-17,Services,Social,Social,9,10,0.5477,156.77,1.0,0.4594,0.0199,0,32,Average Performing
2025-08-17,Home,Direct,Direct,2,4,0.473,230.43,3.3,0.6294,0.0777,0,35,Low Performing
2025-08-17,Blog,Referral,Referral,5,5,0.5222,130.7,1.64,0.5535,0.0328,0,41,Average Performing
2025-08-18,Home,Direct,Direct,1,2,0.5684,214.84,1.73,0.4566,0.0223,0,9,Low Performing
2025-08-18,Checkout,Referral,Referral,4,6,0.4979,132.2,5.1,0.5549,0.087,0,62,Average Performing
2025-08-18,Services,Organic Search,Organic,6,6,0.4693,41.64,1.04,0.4899,0.0501,0,30,Average Performing
2025-08-19,Landing Page,Social,Social,2,3,0.5578,200.3,1.0,0.4414,0.0132,1,19,Average Performing
2025-08-19,Home,Direct,Direct,9,9,0.5609,92.24,1.0,0.4257,0.0249,0,66,Low Performing
2025-08-19,Checkout,Paid Search,Paid,9,9,0.5043,395.93,2.93,0.4225,0.1047,0,53,Average Performing
2025-08-19,Home,Social,Social,4,5,0.4798,131.21,2.35,0.6059,0.0273,0,49,Low Performing
2025-08-20,About,Referral,Referral,4,11,0.424,132.77,3.28,0.5507,0.068,0,84,High Performing
2025-08-20,Products,Referral,Referral,3,4,0.4675,372.43,1.15,0.5636,0.0007,0,1,Low Performing
2025-08-20,Contact,Referral,Referral,3,4,0.5594,117.96,1.71,0.4395,0.0611,0,22,High Performing
2025-08-20,Landing Page,Organic Search,Organic,7,7,0.4815,133.64,6.8,0.5137,0.125,0,85,Average Performing
2025-08-20,Blog,Referral,Referral,3,5,0.5548,88.51,2.89,0.4208,0.0673,0,28,Average Performing
2025-08-20,Blog,Referral,Referral,8,8,0.6222,313.0,1.79,0.4215,0.0427,0,57,Average Performing
2025-08-20,Pricing,Organic Search,Organic,9,10,0.4273,193.58,2.94,0.6341,0.0978,2,73,High Performing
2025-08-21,Blog,Organic Search,Organic,7,8,0.4308,175.27,2.45,0.5692,0.0613,0,44,Average Performing
2025-08-21,Contact,Organic Search,Organic,11,11,0.5639,168.19,1.0,0.4665,0.0527,0,41,High Performing
2025-08-21,Blog,Social,Social,10,11,0.4303,178.76,9.53,0.5973,0.1317,2,211,Average Performing
2025-08-22,Blog,Referral,Referral,7,7,0.4709,451.43,2.07,0.5377,0.0846,0,55,Average Performing
2025-08-22,Products,Organic Search,Organic,2,5,0.5641,51.54,1.61,0.4022,0.0118,0,42,Low Performing
2025-08-22,Checkout,Organic Search,Organic,1,4,0.4589,83.13,3.1,0.5226,0.0545,0,30,Average Performing
2025-08-23,Pricing,Social,Social,4,5,0.4767,233.44,8.15,0.503,0.1555,2,110,High Performing
2025-08-23,Home,Referral,Referral,10,10,0.4512,252.44,3.56,0.5517,0.0678,2,62,Low Performing
2025-08-24,FAQ,Organic Search,Organic,10,11,0.453,285.63,3.87,0.5636,0.0764,0,88,Low Performing
2025-08-24,Services,Organic Search,Organic,6,8,0.5605,262.65,1.0,0.5214,0.0036,0,61,Average Performing
2025-08-24,Home,Paid Search,Paid,5,8,0.5308,90.36,2.13,0.4291,0.0477,0,40,Low Performing
2025-08-24,Home,Organic Search,Organic,11,11,0.499,266.35,1.0,0.5191,0.0524,1,40,Low Performing
2025-08-24,Checkout,Social,Social,7,8,0.4781,580.1,3.84,0.5357,0.0913,0,57,Average Performing
2025-08-24,Contact,Paid Search,Paid,10,10,0.4849,202.27,1.35,0.5381,0.0207,0,33,High Performing
2025-08-24,Home,Paid Search,Paid,4,6,0.5139,353.63,2.94,0.5347,0.0496,1,58,Low Performing
2025-08-24,Home,Direct,Direct,3,6,0.521,232.97,1.0,0.5409,0.0062,0,1,Low Performing
2025-08-25,Products,Organic Search,Organic,9,9,0.5106,556.59,1.43,0.5203,0.0472,0,45,Low Performing
2025-08-25,Contact,Paid Search,Paid,3,3,0.574,267.0,3.36,0.4041,0.0707,0,32,High Performing
2025-08-25,Products,Direct,Direct,4,5,0.5134,20.0,1.0,0.4567,0.0,0,18,Low Performing
2025-08-25,Home,Social,Social,11,13,0.3952,317.23,2.71,0.5473,0.0623,0,87,Low Performing
2025-08-25,Pricing,Paid Search,Paid,10,12,0.4814,126.04,4.88,0.5681,0.0767,1,142,High Performing
2025-08-25,Products,Direct,Direct,8,9,0.4668,77.37,2.27,0.573,0.0404,0,45,Low Performing
2025-08-25,Pricing,Paid Search,Paid,1,2,0.4184,115.94,5.12,0.5622,0.1027,0,21,High Performing
2025-08-25,Services,Organic Search,Organic,2,3,0.4745,110.72,3.23,0.5452,0.0195,1,27,Average Performing
2025-08-26,FAQ,Referral,Referral,1,3,0.4245,242.46,5.51,0.5033,0.0801,0,35,Low Performing
2025-08-26,Pricing,Organic Search,Organic,10,11,0.4668,193.41,4.21,0.5327,0.0779,0,117,High Performing
2025-08-26,Services,Social,Social,2,4,0.4433,292.77,2.66,0.5439,0.0389,0,24,Average Performing
2025-08-26,Services,Organic Search,Organic,10,13,0.5175,111.19,1.98,0.4742,0.0566,1,117,Average Performing
2025-08-26,Blog,Social,Social,6,7,0.4923,338.22,3.77,0.5109,0.0611,1,71,Average Performing
2025-08-27,Landing Page,Organic Search,Organic,10,15,0.5028,65.26,1.64,0.5222,0.0475,1,121,Average Performing
2025-08-27,Checkout,Paid Search,Paid,4,5,0.4286,147.76,5.56,0.5832,0.0663,0,50,Average Performing
2025-08-27,Blog,Organic Search,Organic,10,12,0.5189,204.42,1.81,0.5131,0.0661,0,66,Average Performing
2025-08-28,About,Direct,Direct,1,3,0.5791,164.34,2.65,0.4262,0.0593,0,25,High Performing
2025-08-28,Blog,Organic Search,Organic,9,11,0.5819,154.71,3.67,0.414,0.0466,0,118,Average Performing
2025-08-28,About,Social,Social,6,6,0.4802,223.17,3.27,0.541,0.0631,0,61,High Performing
2025-08-28,Services,Organic Search,Organic,2,2,0.4897,190.59,2.28,0.5579,0.0661,0,11,Average Performing
2025-08-29,Home,Organic Search,Organic,4,7,0.4479,237.36,1.0,0.5581,0.0429,0,20,Low Performing
2025-08-29,About,Direct,Direct,11,12,0.5065,115.29,1.78,0.5137,0.0703,0,61,High Performing
2025-08-29,Services,Organic Search,Organic,1,2,0.5478,156.86,2.51,0.421,0.0613,0,10,Average Performing
2025-08-30,Home,Referral,Referral,10,10,0.4455,298.15,1.0,0.4854,0.0292,0,42,Low Performing
2025-08-30,Products,Paid Search,Paid,8,11,0.5262,217.78,3.45,0.459,0.0414,0,87,Low Performing
2025-08-30,Products,Paid Search,Paid,6,8,0.5308,261.41,3.83,0.4687,0.069,1,55,Low Performing
2025-08-30,Landing Page,Organic Search,Organic,4,6,0.5109,333.79,3.01,0.4699,0.0738,0,62,Average Performing
2025-08-31,About,Direct,Direct,11,12,0.547,146.1,8.05,0.482,0.0974,1,207,High Performing
2025-08-31,About,Paid Search,Paid,5,6,0.4768,55.73,3.27,0.5297,0.0456,0,74,High Performing
2025-09-01,FAQ,Paid Search,Paid,10,11,0.5005,156.44,1.86,0.5081,0.031,1,133,Low Performing
2025-09-01,Home,Organic Search,Organic,6,7,0.5175,196.4,1.43,0.5884,0.0583,0,38,Low Performing
2025-09-01,Landing Page,Direct,Direct,10,10,0.4997,159.79,3.17,0.5653,0.0724,3,54,Average Performing
2025-09-01,Home,Social,Social,8,10,0.5108,67.44,5.21,0.5242,0.0698,2,125,Low Performing
2025-09-01,About,Paid Search,Paid,10,12,0.5085,142.42,1.91,0.4542,0.059,0,67,High Performing
2025-09-01,Pricing,Social,Social,5,5,0.3824,158.63,2.64,0.6019,0.0682,0,27,High Performing
2025-09-02,Landing Page,Paid Search,Paid,10,11,0.4979,275.23,1.43,0.5878,0.0445,1,55,Average Performing
2025-09-02,About,Direct,Direct,6,8,0.5445,206.52,1.59,0.4732,0.0481,0,20,High Performing
2025-09-02,Products,Paid Search,Paid,7,9,0.409,244.22,2.14,0.5729,0.0344,0,68,Low Performing
2025-09-02,Landing Page,Direct,Direct,7,8,0.4838,42.55,1.24,0.5391,0.0378,0,37,Average Performing
2025-09-03,Products,Paid Search,Paid,4,5,0.4165,159.49,3.36,0.5445,0.0698,1,53,Low Performing
2025-09-03,Pricing,Organic Search,Organic,9,10,0.5177,77.9,2.08,0.4832,0.0434,0,39,High Performing
2025-09-03,Contact,Organic Search,Organic,10,13,0.4318,273.07,1.8,0.6087,0.0443,0,95,High Performing
2025-09-03,About,Organic Search,Organic,4,5,0.4814,171.19,1.63,0.4604,0.0809,0,29,High Performing
2025-09-03,Products,Direct,Direct,5,6,0.5398,90.14,1.24,0.405,0.0336,0,29,Low Performing
2025-09-03,FAQ,Direct,Direct,1,2,0.483,28.35,2.36,0.5746,0.0261,0,9,Low Performing
2025-09-03,Home,Paid Search,Paid,10,11,0.5333,46.7,1.83,0.5025,0.0336,0,24,Low Performing
2025-09-03,FAQ,Organic Search,Organic,10,10,0.4997,80.47,2.52,0.4992,0.0464,0,82,Low Performing
2025-09-03,Services,Organic Search,Organic,3,5,0.4904,368.74,6.48,0.5628,0.0899,1,75,Average Performing
2025-09-03,Products,Social,Social,7,8,0.4432,119.41,1.75,0.5469,0.0186,0,50,Low Performing
2025-09-03,Blog,Social,Social,7,8,0.5011,173.87,3.96,0.4651,0.0698,0,76,Average Performing
2025-09-03,Home,Organic Search,Organic,7,8,0.3649,204.53,1.0,0.6053,0.0231,2,35,Low Performing
2025-09-04,Home,Direct,Direct,6,7,0.63,261.16,1.56,0.3675,0.0575,0,19,Low Performing
2025-09-04,Home,Direct,Direct,2,2,0.5275,178.92,2.83,0.4574,0.0512,0,13,Low Performing
2025-09-04,Products,Organic Search,Organic,5,7,0.469,210.65,4.38,0.5101,0.0816,0,57,Low Performing
2025-09-04,Home,Organic Search,Organic,6,8,0.4862,140.73,1.0,0.5217,0.0226,0,51,Low Performing
2025-09-04,Landing Page,Organic Search,Organic,5,7,0.4554,228.82,2.94,0.526,0.0641,0,46,Average Performing
2025-09-04,Landing Page,Organic Search,Organic,3,4,0.5218,28.12,1.98,0.4988,0.0357,0,20,Average Performing
2025-09-04,Contact,Direct,Direct,1,1,0.5162,175.44,1.49,0.5688,0.0452,0,3,High Performing
2025-09-05,Products,Organic Search,Organic,8,9,0.5084,196.32,1.58,0.4542,0.0339,0,45,Low Performing
2025-09-05,Home,Social,Social,3,8,0.3885,264.12,4.38,0.7072,0.0427,1,75,Low Performing
2025-09-05,Pricing,Direct,Direct,5,8,0.4651,253.79,2.15,0.5475,0.0514,0,33,High Performing
2025-09-06,Blog,Referral,Referral,6,7,0.5954,96.54,1.44,0.384,0.0274,0,32,Average Performing
2025-09-06,About,Direct,Direct,7,7,0.4543,434.31,2.74,0.5718,0.0706,0,57,High Performing
2025-09-06,FAQ,Organic Search,Organic,8,9,0.4364,101.28,1.88,0.593,0.0313,1,39,Low Performing
2025-09-06,Landing Page,Referral,Referral,3,3,0.4943,360.11,1.0,0.4606,0.0134,0,7,Average Performing
2025-09-06,FAQ,Referral,Referral,2,5,0.4852,229.42,3.86,0.5315,0.058,0,37,Low Performing
2025-09-07,FAQ,Referral,Referral,5,6,0.536,27.98,1.1,0.3911,0.0664,1,12,Low Performing
2025-09-07,Home,Social,Social,2,5,0.3782,161.63,4.19,0.6478,0.1042,1,39,Low Performing
2025-09-07,Blog,Social,Social,3,4,0.5343,178.24,1.05,0.4679,0.033,0,8,Average Performing
2025-09-08,About,Direct,Direct,1,2,0.3873,138.91,3.64,0.6645,0.0595,1,19,High Performing
2025-09-08,Products,Organic Search,Organic,2,4,0.5263,234.11,2.41,0.5399,0.0175,0,21,Low Performing
2025-09-08,Landing Page,Organic Search,Organic,5,8,0.4428,50.9,4.03,0.5743,0.061,1,68,Average Performing
2025-09-08,Blog,Organic Search,Organic,10,11,0.5114,205.89,1.0,0.5397,0.0718,1,89,Average Performing
2025-09-08,Services,Organic Search,Organic,11,12,0.5051,177.71,5.72,0.4392,0.0618,1,178,Average Performing
2025-09-08,Landing Page,Direct,Direct,7,11,0.4624,259.59,2.25,0.5231,0.0348,0,50,Average Performing
2025-09-08,Home,Organic Search,Organic,1,4,0.5486,88.61,1.92,0.3979,0.0112,0,24,Low Performing
2025-09-08,Home,Paid Search,Paid,3,4,0.5143,104.91,6.31,0.4885,0.1039,0,49,Low Performing
2025-09-08,Contact,Organic Search,Organic,4,4,0.5385,181.64,1.0,0.4764,0.0528,0,10,High Performing
2025-09-09,Blog,Direct,Direct,2,5,0.4647,178.67,3.82,0.5942,0.0628,0,48,Average Performing
2025-09-10,About,Organic Search,Organic,8,8,0.4147,495.81,2.01,0.573,0.057,0,45,High Performing
2025-09-10,Products,Social,Social,3,3,0.4509,57.63,5.17,0.5365,0.126,0,44,Low Performing
2025-09-10,Home,Direct,Direct,7,8,0.4797,231.21,1.66,0.5967,0.0416,0,25,Low Performing
2025-09-10,About,Social,Social,5,6,0.5092,258.99,2.43,0.5114,0.0605,1,48,High Performing
2025-09-10,Landing Page,Organic Search,Organic,3,4,0.5297,244.66,2.49,0.4386,0.0677,0,12,Average Performing
2025-09-10,About,Direct,Direct,2,3,0.5527,192.42,1.21,0.3547,0.0184,0,2,High Performing
2025-09-10,Pricing,Organic Search,Organic,8,11,0.5469,214.43,3.54,0.4209,0.0641,0,139,High Performing
2025-09-11,Checkout,Direct,Direct,9,9,0.5431,88.67,1.09,0.4278,0.0411,1,30,Average Performing
2025-09-11,Home,Organic Search,Organic,6,7,0.5715,79.18,1.0,0.364,0.0485,0,35,Low Performing
2025-09-11,Products,Referral,Referral,8,10,0.4808,59.14,2.29,0.575,0.0,0,35,Low Performing
2025-09-11,About,Organic Search,Organic,7,9,0.4894,321.24,5.45,0.4801,0.1022,0,94,High Performing
2025-09-11,Blog,Direct,Direct,7,10,0.4496,173.88,3.84,0.506,0.0882,2,97,Average Performing
2025-09-12,Services,Paid Search,Paid,7,8,0.4377,300.25,1.03,0.5853,0.0363,0,46,Average Performing
2025-09-12,Home,Social,Social,2,5,0.3788,313.85,4.2,0.5928,0.0947,1,29,Low Performing
2025-09-12,Home,Social,Social,9,9,0.4778,64.72,1.0,0.5773,0.0519,0,49,Low Performing
2025-09-12,FAQ,Paid Search,Paid,5,5,0.42,253.49,3.22,0.5792,0.0708,0,22,Low Performing
2025-09-12,About,Organic Search,Organic,7,8,0.483,262.74,2.3,0.5229,0.0443,1,70,High Performing
2025-09-13,Blog,Direct,Direct,9,9,0.5822,198.15,1.45,0.4207,0.0236,0,36,Average Performing
2025-09-13,Pricing,Organic Search,Organic,8,8,0.4317,133.41,3.68,0.6565,0.0356,0,87,High Performing
2025-09-13,Pricing,Organic Search,Organic,4,7,0.4334,151.38,1.92,0.5663,0.0332,0,45,High Performing
2025-09-13,Home,Paid Search,Paid,6,7,0.5116,104.15,1.65,0.5015,0.0288,0,46,Low Performing
2025-09-13,Landing Page,Referral,Referral,10,11,0.5108,231.67,1.82,0.4589,0.0223,0,43,Average Performing
2025-09-14,Products,Social,Social,9,11,0.506,64.73,1.0,0.4718,0.0228,1,39,Low Performing
2025-09-14,Products,Referral,Referral,3,4,0.5018,198.67,3.07,0.4637,0.069,0,27,Low Performing
2025-09-15,Products,Referral,Referral,4,6,0.5423,79.76,3.76,0.4416,0.0785,0,31,Low Performing
2025-09-15,Landing Page,Direct,Direct,4,4,0.5053,87.86,1.0,0.5771,0.0489,0,10,Average Performing
2025-09-15,FAQ,Paid Search,Paid,8,8,0.5198,103.12,2.61,0.4056,0.0386,1,75,Low Performing
2025-09-15,Contact,Referral,Referral,2,4,0.5679,109.55,1.0,0.4222,0.0211,0,15,High Performing
2025-09-15,Contact,Paid Search,Paid,10,10,0.5109,146.36,2.23,0.425,0.0576,1,68,High Performing
2025-09-16,Landing Page,Direct,Direct,6,6,0.4883,105.82,2.54,0.5752,0.0602,0,52,Average Performing
2025-09-16,Contact,Direct,Direct,5,6,0.5683,55.14,1.99,0.4645,0.0136,0,29,High Performing
2025-09-16,Checkout,Social,Social,9,12,0.4202,303.36,4.07,0.617,0.0851,2,156,Average Performing
2025-09-17,Products,Social,Social,10,12,0.5259,256.26,1.25,0.4215,0.0236,0,53,Low Performing
2025-09-17,Blog,Referral,Referral,4,4,0.4404,375.05,3.1,0.5501,0.0616,1,28,Average Performing
2025-09-17,Pricing,Referral,Referral,9,12,0.5494,160.34,3.74,0.4689,0.0711,0,116,High Performing
2025-09-17,Checkout,Referral,Referral,5,5,0.5114,167.71,2.09,0.4625,0.0351,1,17,Average Performing
2025-09-17,Home,Organic Search,Organic,2,2,0.5007,314.24,2.6,0.4253,0.1005,0,16,Low Performing
2025-09-17,Services,Organic Search,Organic,10,11,0.4915,322.54,3.9,0.489,0.0826,1,61,Average Performing
2025-09-17,Landing Page,Referral,Referral,3,4,0.5796,55.93,1.55,0.4731,0.0436,0,24,Average Performing
2025-09-17,Services,Paid Search,Paid,8,9,0.4709,81.71,1.98,0.5532,0.0512,3,49,Average Performing
2025-09-18,About,Referral,Referral,11,13,0.4742,139.15,1.46,0.5916,0.0288,0,71,High Performing
2025-09-18,About,Direct,Direct,6,6,0.4486,164.51,2.43,0.5417,0.0422,0,46,High Performing
2025-09-18,Checkout,Organic Search,Organic,11,12,0.4524,35.55,1.0,0.52,0.0022,0,77,Average Performing
2025-09-19,Services,Social,Social,4,7,0.4907,186.55,1.39,0.5522,0.0565,1,31,Average Performing
2025-09-19,Products,Paid Search,Paid,10,10,0.5553,255.18,1.0,0.3743,0.0299,0,51,Low Performing
2025-09-19,About,Direct,Direct,8,8,0.4758,515.5,4.23,0.4948,0.111,3,65,High Performing
2025-09-20,Services,Referral,Referral,2,2,0.5057,48.5,2.26,0.4253,0.0,0,16,Average Performing
2025-09-20,Blog,Direct,Direct,9,10,0.5076,84.96,2.18,0.4866,0.0245,0,59,Average Performing
2025-09-20,Blog,Social,Social,2,4,0.502,397.29,1.58,0.4572,0.0602,0,14,Average Performing
2025-09-20,Checkout,Direct,Direct,9,10,0.465,56.49,4.98,0.5139,0.0847,1,117,Average Performing
2025-09-21,Pricing,Paid Search,Paid,1,2,0.5565,80.79,3.31,0.4772,0.0277,0,10,High Performing
2025-09-22,Home,Referral,Referral,5,6,0.4232,298.43,2.44,0.5386,0.0187,0,55,Low Performing
2025-09-22,Services,Paid Search,Paid,11,12,0.518,92.45,2.06,0.3848,0.0562,1,24,Average Performing
2025-09-22,Blog,Paid Search,Paid,9,9,0.534,121.97,3.91,0.4471,0.0871,0,99,Average Performing
2025-09-22,Home,Direct,Direct,5,6,0.5441,349.41,4.68,0.5878,0.0967,1,47,Low Performing
2025-09-22,Products,Organic Search,Organic,11,13,0.4938,253.19,2.99,0.442,0.0602,2,110,Low Performing
2025-09-23,Home,Paid Search,Paid,1,1,0.4979,231.24,1.61,0.4217,0.0335,0,5,Low Performing
2025-09-23,Products,Organic Search,Organic,6,8,0.5417,119.29,2.76,0.4748,0.1016,0,62,Low Performing
2025-09-23,Blog,Organic Search,Organic,9,11,0.6111,74.97,1.0,0.4116,0.016,0,72,Average Performing
2025-09-23,Products,Social,Social,1,2,0.563,114.48,1.93,0.353,0.0188,0,7,Low Performing
2025-09-23,Home,Referral,Referral,6,6,0.5435,79.73,1.81,0.4823,0.0152,0,18,Low Performing
2025-09-23,Home,Paid Search,Paid,1,1,0.4537,144.0,2.22,0.551,0.0399,0,8,Low Performing
2025-09-23,Products,Organic Search,Organic,8,8,0.596,158.35,1.0,0.4482,0.0255,0,45,Low Performing
2025-09-23,Home,Direct,Direct,2,3,0.3752,157.63,6.75,0.6518,0.1182,1,52,Low Performing
2025-09-24,Blog,Referral,Referral,2,2,0.4608,45.97,1.8,0.5395,0.0464,0,12,Average Performing
2025-09-24,Landing Page,Organic Search,Organic,1,3,0.4936,218.11,2.07,0.4792,0.0386,0,12,Average Performing
2025-09-24,Home,Paid Search,Paid,6,7,0.4013,171.54,5.6,0.6028,0.0913,1,99,Low Performing
2025-09-24,FAQ,Referral,Referral,9,10,0.6351,127.66,1.0,0.3538,0.0319,2,45,Low Performing
2025-09-24,Checkout,Direct,Direct,11,15,0.3609,492.02,6.6,0.6409,0.1575,3,232,Average Performing
2025-09-25,Services,Organic Search,Organic,8,9,0.5333,29.96,4.33,0.4738,0.1212,2,45,Average Performing
2025-09-25,Products,Organic Search,Organic,10,12,0.4946,250.33,3.98,0.499,0.0637,0,71,Low Performing
2025-09-25,Checkout,Referral,Referral,4,6,0.5191,219.33,1.3,0.4655,0.0574,0,40,Average Performing
2025-09-25,Home,Direct,Direct,7,9,0.5411,125.93,2.35,0.4384,0.0477,1,42,Low Performing
2025-09-25,Services,Direct,Direct,7,8,0.5532,175.55,3.36,0.4525,0.0965,0,65,Average Performing
2025-09-25,Landing Page,Organic Search,Organic,11,13,0.5085,351.67,1.52,0.5651,0.0617,0,48,Average Performing
2025-09-26,Products,Paid Search,Paid,4,5,0.4215,716.19,1.19,0.5149,0.0488,0,21,Low Performing
2025-09-26,FAQ,Referral,Referral,9,9,0.4944,327.67,5.51,0.5327,0.0791,1,88,Low Performing
2025-09-26,Products,Referral,Referral,10,10,0.35,179.5,8.21,0.6426,0.1241,2,197,Low Performing
2025-09-26,Services,Organic Search,Organic,6,6,0.5293,76.87,1.27,0.4704,0.0107,0,33,Average Performing
2025-09-27,Products,Paid Search,Paid,2,2,0.5475,120.22,2.64,0.4683,0.0678,0,17,Low Performing
2025-09-27,Blog,Organic Search,Organic,8,9,0.4826,484.57,1.09,0.5308,0.0452,0,27,Average Performing
2025-09-27,Services,Organic Search,Organic,2,2,0.4221,97.38,3.55,0.5475,0.0573,0,20,Average Performing
2025-09-27,Home,Paid Search,Paid,1,2,0.4143,237.48,4.1,0.6101,0.0695,0,28,Low Performing
2025-09-28,Home,Organic Search,Organic,5,6,0.4743,170.2,2.31,0.5674,0.0361,0,48,Low Performing
2025-09-28,Pricing,Organic Search,Organic,10,11,0.5654,187.71,2.61,0.4308,0.0279,0,62,High Performing
2025-09-28,Contact,Organic Search,Organic,3,6,0.5719,327.66,3.52,0.3651,0.069,1,36,High Performing
2025-09-28,FAQ,Organic Search,Organic,8,9,0.5364,132.29,1.57,0.3789,0.0581,0,81,Low Performing
2025-09-28,Pricing,Paid Search,Paid,10,12,0.3928,298.86,2.1,0.5915,0.0516,0,66,High Performing
2025-09-28,Pricing,Referral,Referral,8,8,0.5833,185.19,1.0,0.4819,0.0344,0,5,High Performing
2025-09-28,Services,Referral,Referral,3,4,0.4339,104.18,1.0,0.5399,0.032,1,15,Average Performing
2025-09-28,Home,Organic Search,Organic,8,10,0.4718,215.64,1.96,0.6378,0.0686,0,48,Low Performing
2025-09-29,Blog,Paid Search,Paid,10,11,0.4359,258.7,1.52,0.5561,0.0136,0,44,Average Performing
2025-09-29,FAQ,Organic Search,Organic,1,4,0.6039,304.32,1.88,0.3851,0.0576,0,7,Low Performing
2025-09-29,Products,Direct,Direct,4,7,0.5363,302.63,1.42,0.4889,0.0108,0,20,Low Performing
2025-09-29,Home,Organic Search,Organic,5,6,0.5357,85.28,1.62,0.4522,0.0246,0,22,Low Performing
2025-09-30,Products,Social,Social,10,11,0.4374,289.8,3.19,0.6299,0.0665,0,86,Low Performing
2025-09-30,Landing Page,Organic Search,Organic,11,13,0.5246,299.2,2.29,0.518,0.0567,0,114,Average Performing
2025-09-30,Products,Direct,Direct,4,8,0.5172,138.32,1.17,0.5076,0.0468,0,19,Low Performing
2025-09-30,Home,Direct,Direct,9,9,0.4859,124.06,1.75,0.5235,0.0143,0,37,Low Performing
2025-09-30,Services,Paid Search,Paid,5,6,0.4294,32.7,2.13,0.5215,0.045,1,33,Average Performing
2025-09-30,Services,Social,Social,7,9,0.4992,100.72,1.07,0.4435,0.0196,0,39,Average Performing
2025-09-30,FAQ,Referral,Referral,9,10,0.5764,72.43,1.0,0.4424,0.0146,0,17,Low Performing
2025-09-30,Products,Organic Search,Organic,5,5,0.5289,247.87,3.13,0.444,0.0119,0,37,Low Performing
2025-09-30,Blog,Social,Social,1,2,0.4075,402.4,6.33,0.6239,0.104,1,30,Average Performing
2025-09-30,Pricing,Referral,Referral,8,11,0.5466,204.54,1.4,0.4141,0.0826,1,56,High Performing
2025-09-30,Blog,Paid Search,Paid,10,10,0.4925,175.71,1.0,0.4668,0.0297,0,65,Average Performing
2025-10-01,Checkout,Social,Social,8,9,0.5416,31.45,1.78,0.4169,0.0601,0,19,Average Performing
2025-10-01,Home,Direct,Direct,8,9,0.483,407.94,7.12,0.5202,0.129,0,127,Low Performing
2025-10-01,Products,Referral,Referral,2,4,0.5193,40.53,2.93,0.4831,0.0756,0,28,Low Performing
2025-10-02,Home,Paid Search,Paid,2,2,0.479,110.73,3.74,0.4563,0.0766,1,15,Low Performing
2025-10-02,Contact,Referral,Referral,3,4,0.5148,104.13,8.22,0.5095,0.0843,0,65,High Performing
2025-10-02,Home,Organic Search,Organic,10,11,0.5494,356.61,3.19,0.4291,0.0371,0,88,Low Performing
2025-10-02,Checkout,Paid Search,Paid,5,7,0.4919,84.81,5.59,0.4698,0.0772,0,91,Average Performing
2025-10-02,Services,Organic Search,Organic,3,6,0.5574,227.96,1.88,0.4256,0.044,0,26,Average Performing
2025-10-02,Contact,Referral,Referral,6,6,0.5381,181.53,1.81,0.4408,0.0515,0,24,High Performing
2025-10-02,Services,Referral,Referral,2,2,0.5032,400.16,1.0,0.5257,0.036,0,7,Average Performing
2025-10-03,Pricing,Paid Search,Paid,7,8,0.5334,72.78,1.18,0.5127,0.0595,1,35,High Performing
2025-10-03,Home,Organic Search,Organic,4,5,0.4987,124.77,6.53,0.5397,0.1197,1,83,Low Performing
2025-10-03,About,Referral,Referral,7,9,0.4155,244.99,1.93,0.5818,0.0883,0,38,High Performing
2025-10-03,Home,Organic Search,Organic,6,6,0.5418,270.87,1.97,0.4175,0.0537,2,51,Low Performing
2025-10-03,Products,Referral,Referral,3,3,0.4909,159.26,5.23,0.5069,0.1058,0,42,Low Performing
2025-10-03,Products,Paid Search,Paid,7,7,0.4724,366.04,1.53,0.4949,0.0613,0,33,Low Performing
2025-10-03,Blog,Direct,Direct,6,7,0.4654,207.27,1.69,0.5332,0.0353,0,32,Average Performing
2025-10-04,Home,Referral,Referral,10,10,0.5522,89.91,1.6,0.4288,0.0059,0,40,Low Performing
2025-10-04,FAQ,Direct,Direct,5,5,0.5574,88.29,3.32,0.5041,0.055,1,55,Low Performing
2025-10-04,FAQ,Direct,Direct,9,11,0.5247,113.97,3.53,0.4539,0.039,1,106,Low Performing
2025-10-05,Products,Organic Search,Organic,2,3,0.5546,149.56,1.54,0.4988,0.037,0,6,Low Performing
2025-10-05,Home,Direct,Direct,10,11,0.4656,58.95,1.51,0.5218,0.0287,1,69,Low Performing
2025-10-05,Blog,Direct,Direct,3,3,0.5569,85.8,2.0,0.4431,0.0559,0,16,Average Performing
2025-10-05,Checkout,Paid Search,Paid,11,14,0.4539,150.61,1.23,0.53,0.051,2,54,Average Performing
2025-10-05,Blog,Paid Search,Paid,2,4,0.5763,242.06,2.35,0.3974,0.0446,0,33,Average Performing
2025-10-05,Services,Organic Search,Organic,5,6,0.5363,146.22,1.4,0.4794,0.0369,0,27,Average Performing
2025-10-05,Home,Social,Social,7,10,0.4958,142.96,1.0,0.4887,0.0157,0,33,Low Performing
2025-10-05,Services,Referral,Referral,11,11,0.3642,103.11,5.87,0.6084,0.0834,2,143,Average Performing
2025-10-05,Products,Organic Search,Organic,6,6,0.3977,116.77,2.89,0.5984,0.0506,1,43,Low Performing
2025-10-06,Products,Referral,Referral,7,8,0.5465,174.07,2.31,0.4001,0.0643,0,38,Low Performing
2025-10-06,Products,Social,Social,3,3,0.5648,99.95,1.79,0.4515,0.0326,0,13,Low Performing
2025-10-06,Contact,Organic Search,Organic,10,12,0.5329,182.12,3.49,0.4384,0.0338,0,133,High Performing
2025-10-06,Products,Organic Search,Organic,1,2,0.4857,114.71,3.47,0.5469,0.0307,0,20,Low Performing
2025-10-06,Landing Page,Direct,Direct,1,2,0.6377,93.18,2.86,0.3405,0.0504,0,16,Average Performing
2025-10-06,Landing Page,Organic Search,Organic,7,10,0.461,75.7,2.37,0.6635,0.0498,0,79,Average Performing
2025-10-06,Home,Social,Social,6,6,0.4506,172.91,3.44,0.4987,0.0517,2,33,Low Performing
2025-10-06,Products,Paid Search,Paid,5,6,0.5402,165.55,1.0,0.462,0.0215,0,25,Low Performing
2025-10-07,Home,Direct,Direct,1,2,0.4817,66.98,1.87,0.6277,0.0421,0,15,Low Performing
2025-10-07,Checkout,Direct,Direct,7,9,0.6195,278.26,6.33,0.4177,0.1285,1,122,Average Performing
2025-10-07,Home,Social,Social,10,10,0.4492,137.64,1.81,0.5448,0.0606,0,52,Low Performing
2025-10-07,Products,Direct,Direct,3,4,0.4581,413.49,2.18,0.4665,0.0687,1,17,Low Performing
2025-10-08,Landing Page,Direct,Direct,9,13,0.5068,159.38,5.76,0.534,0.118,1,157,Average Performing
2025-10-08,Home,Referral,Referral,9,9,0.4745,140.13,3.84,0.5567,0.0733,1,55,Low Performing
2025-10-08,Contact,Direct,Direct,7,7,0.5073,162.01,1.0,0.5049,0.0377,0,17,High Performing
2025-10-09,Pricing,Organic Search,Organic,9,12,0.5042,94.5,3.68,0.4925,0.0223,1,125,High Performing
2025-10-09,About,Referral,Referral,6,7,0.4782,160.75,2.29,0.5593,0.0625,0,54,High Performing
2025-10-09,Products,Referral,Referral,11,13,0.4746,187.08,3.34,0.4901,0.0252,1,132,Low Performing
2025-10-09,Landing Page,Paid Search,Paid,1,1,0.4445,102.17,6.78,0.5183,0.0902,0,18,Average Performing
2025-10-09,FAQ,Organic Search,Organic,2,3,0.483,201.88,1.45,0.5096,0.0236,0,11,Low Performing
2025-10-10,Services,Paid Search,Paid,11,11,0.4953,230.21,1.65,0.5595,0.0354,0,79,Average Performing
2025-10-10,Products,Organic Search,Organic,11,14,0.5478,188.35,1.0,0.4478,0.0051,0,11,Low Performing
2025-10-10,About,Referral,Referral,3,4,0.5187,276.57,4.55,0.4991,0.0514,0,38,High Performing
2025-10-10,FAQ,Organic Search,Organic,1,3,0.521,182.64,1.47,0.5336,0.057,0,8,Low Performing
2025-10-10,Services,Organic Search,Organic,1,1,0.5324,76.89,3.33,0.4976,0.0355,0,7,Average Performing
2025-10-10,Pricing,Paid Search,Paid,11,12,0.4493,276.88,2.04,0.5481,0.065,1,90,High Performing
2025-10-10,Blog,Referral,Referral,10,13,0.4907,122.76,1.29,0.5532,0.0289,1,88,Average Performing
2025-10-10,Home,Paid Search,Paid,7,8,0.5412,363.51,1.0,0.4485,0.0889,0,19,Low Performing
2025-10-10,Pricing,Referral,Referral,11,12,0.4918,223.15,5.28,0.5198,0.1207,2,109,High Performing
2025-10-11,Checkout,Organic Search,Organic,9,9,0.5592,126.65,1.7,0.4177,0.0164,0,53,Average Performing
2025-10-11,Landing Page,Organic Search,Organic,5,6,0.461,173.66,8.12,0.5426,0.1284,0,108,Average Performing
2025-10-11,Services,Direct,Direct,8,10,0.3256,167.82,5.46,0.6144,0.0444,0,123,Average Performing
2025-10-11,Contact,Direct,Direct,2,4,0.5049,290.53,5.46,0.5118,0.0866,0,46,High Performing
2025-10-11,Home,Social,Social,2,3,0.5231,114.76,1.92,0.4334,0.0566,0,16,Low Performing
2025-10-11,Products,Direct,Direct,2,2,0.4238,97.15,1.0,0.5415,0.0211,0,12,Low Performing
2025-10-12,Services,Direct,Direct,2,3,0.4645,52.46,2.49,0.5759,0.038,0,27,Average Performing
2025-10-12,Blog,Paid Search,Paid,10,11,0.5999,95.59,1.13,0.403,0.0103,0,13,Average Performing
2025-10-12,About,Organic Search,Organic,9,12,0.4887,201.41,1.0,0.5474,0.027,0,44,High Performing
2025-10-12,Home,Organic Search,Organic,1,1,0.4551,37.5,3.44,0.4695,0.0479,0,9,Low Performing
2025-10-12,Checkout,Referral,Referral,1,2,0.4961,119.7,4.35,0.4705,0.0713,1,23,Average Performing
2025-10-12,Landing Page,Organic Search,Organic,4,7,0.4683,43.35,1.0,0.5277,0.0248,0,23,Average Performing
2025-10-12,Home,Direct,Direct,2,4,0.5326,105.93,6.18,0.4516,0.1046,0,46,Low Performing
2025-10-13,Products,Organic Search,Organic,11,11,0.4833,109.46,6.21,0.4391,0.0945,1,139,Low Performing
2025-10-13,Home,Social,Social,7,9,0.5502,77.89,2.01,0.374,0.0256,1,55,Low Performing
2025-10-13,Home,Paid Search,Paid,5,7,0.5913,217.59,4.3,0.4148,0.0351,0,54,Low Performing
2025-10-13,Home,Direct,Direct,4,6,0.4037,280.19,4.47,0.6375,0.1283,2,73,Low Performing
2025-10-13,Home,Referral,Referral,2,4,0.5055,178.62,1.7,0.5769,0.0733,0,34,Low Performing
2025-10-14,Blog,Paid Search,Paid,6,6,0.4369,284.69,2.65,0.544,0.071,0,65,Average Performing
2025-10-14,Products,Direct,Direct,2,2,0.4667,175.07,2.97,0.5698,0.0838,0,11,Low Performing
2025-10-14,Home,Organic Search,Organic,2,3,0.5045,181.2,2.31,0.4177,0.0523,0,16,Low Performing
2025-10-14,Home,Organic Search,Organic,1,3,0.4687,266.98,1.4,0.5535,0.0411,1,4,Low Performing
2025-10-14,Home,Organic Search,Organic,6,7,0.4313,118.8,2.33,0.6366,0.0453,0,44,Low Performing
2025-10-14,FAQ,Social,Social,1,3,0.4823,122.35,1.32,0.4545,0.0182,0,17,Low Performing
2025-10-15,Checkout,Organic Search,Organic,1,1,0.499,344.38,3.99,0.4875,0.0549,0,9,Average Performing
2025-10-15,Services,Direct,Direct,6,8,0.5431,80.6,5.92,0.5084,0.0993,4,102,Average Performing
2025-10-15,FAQ,Direct,Direct,3,5,0.3371,314.65,2.21,0.6704,0.0951,1,11,Low Performing
2025-10-15,Products,Organic Search,Organic,11,13,0.4318,428.03,2.86,0.5155,0.0555,1,81,Low Performing
2025-10-15,Contact,Direct,Direct,10,11,0.4038,74.23,3.1,0.4914,0.0815,1,102,High Performing
2025-10-15,Home,Organic Search,Organic,7,7,0.5117,54.04,1.0,0.5146,0.0179,0,25,Low Performing
2025-10-16,Pricing,Social,Social,11,11,0.6092,59.04,1.23,0.3604,0.0545,1,24,High Performing
2025-10-16,About,Social,Social,4,5,0.4473,336.9,3.38,0.5429,0.0763,0,47,High Performing
2025-10-16,About,Referral,Referral,7,9,0.3477,382.28,6.35,0.6127,0.1251,1,157,High Performing
2025-10-17,Home,Paid Search,Paid,2,4,0.4987,90.01,5.17,0.4812,0.0681,0,30,Low Performing
2025-10-17,Home,Organic Search,Organic,11,11,0.4444,76.58,2.67,0.5376,0.0757,1,81,Low Performing
2025-10-18,Contact,Referral,Referral,8,9,0.4606,129.43,5.05,0.5545,0.1227,0,95,High Performing
2025-10-18,Contact,Paid Search,Paid,6,7,0.5007,122.88,2.46,0.4667,0.0475,0,48,High Performing
2025-10-18,Products,Organic Search,Organic,10,10,0.4991,225.42,4.22,0.5364,0.0619,0,67,Low Performing
2025-10-18,Landing Page,Paid Search,Paid,4,4,0.452,64.7,6.75,0.5838,0.0688,0,44,Average Performing
2025-10-18,FAQ,Paid Search,Paid,7,8,0.4746,235.79,2.08,0.5737,0.0378,0,57,Low Performing
2025-10-19,Products,Organic Search,Organic,6,6,0.5088,220.52,1.44,0.512,0.0492,1,18,Low Performing
2025-10-19,Pricing,Organic Search,Organic,4,4,0.5029,191.11,7.41,0.4321,0.1223,0,56,High Performing
2025-10-19,Checkout,Paid Search,Paid,8,9,0.4689,143.63,2.77,0.589,0.0397,0,51,Average Performing
2025-10-19,Home,Organic Search,Organic,7,8,0.5947,41.92,8.62,0.4283,0.1214,1,168,Low Performing
2025-10-19,Home,Referral,Referral,2,3,0.4332,47.8,3.06,0.6098,0.0619,0,29,Low Performing
2025-10-19,Services,Social,Social,2,4,0.576,428.68,6.03,0.4402,0.1192,1,64,Average Performing
2025-10-19,FAQ,Direct,Direct,9,10,0.4695,95.46,1.78,0.5369,0.0522,0,38,Low Performing
2025-10-20,Home,Social,Social,6,6,0.5616,21.75,1.98,0.3871,0.0625,0,18,Low Performing
2025-10-21,Home,Direct,Direct,5,5,0.5303,110.96,2.15,0.4966,0.059,0,20,Low Performing
2025-10-21,Contact,Referral,Referral,2,3,0.438,236.27,3.97,0.6212,0.0867,0,22,High Performing
2025-10-21,Blog,Organic Search,Organic,5,5,0.4704,456.9,2.09,0.4861,0.0516,1,39,Average Performing
2025-10-21,Blog,Direct,Direct,2,4,0.5592,100.13,1.0,0.4802,0.0437,0,13,Average Performing
2025-10-21,Home,Organic Search,Organic,4,5,0.4766,426.99,1.65,0.4999,0.0416,0,25,Low Performing
2025-10-21,Landing Page,Organic Search,Organic,11,12,0.4142,63.25,2.89,0.5443,0.0388,0,45,Average Performing
2025-10-21,Blog,Referral,Referral,1,1,0.5066,163.06,1.4,0.4443,0.0336,0,4,Average Performing
2025-10-21,Products,Organic Search,Organic,1,3,0.4972,230.1,1.59,0.5015,0.0082,0,15,Low Performing
2025-10-21,Services,Organic Search,Organic,1,1,0.4875,229.1,10.23,0.4999,0.1306,0,20,Average Performing
2025-10-21,Landing Page,Direct,Direct,1,2,0.5186,91.44,2.46,0.487,0.0641,0,11,Average Performing
2025-10-22,Products,Paid Search,Paid,11,11,0.4679,134.67,1.0,0.5617,0.0318,0,42,Low Performing
2025-10-22,Pricing,Social,Social,10,10,0.4968,102.61,1.49,0.5605,0.0397,0,65,High Performing
2025-10-23,Contact,Paid Search,Paid,5,8,0.504,49.5,1.8,0.4738,0.0484,1,49,High Performing
2025-10-23,Home,Social,Social,5,5,0.5012,481.1,1.0,0.4757,0.0581,0,11,Low Performing
2025-10-23,Blog,Organic Search,Organic,11,11,0.4115,128.14,1.72,0.5537,0.066,1,79,Average Performing
2025-10-23,Pricing,Organic Search,Organic,7,8,0.4913,177.82,5.93,0.5162,0.0743,0,113,High Performing
2025-10-23,Home,Paid Search,Paid,7,8,0.5011,41.55,8.0,0.4807,0.1143,0,131,Low Performing
2025-10-23,Checkout,Organic Search,Organic,10,13,0.4296,97.71,2.65,0.5835,0.0347,0,97,Average Performing
2025-10-23,Blog,Referral,Referral,8,9,0.4718,372.54,2.87,0.5159,0.0526,0,60,Average Performing
2025-10-23,Pricing,Social,Social,9,10,0.4788,111.98,2.22,0.5171,0.0397,2,67,High Performing
2025-10-24,Home,Organic Search,Organic,10,10,0.5164,271.02,1.0,0.5054,0.0572,0,32,Low Performing
2025-10-24,Services,Referral,Referral,9,10,0.5808,62.98,3.14,0.4019,0.0349,1,88,Average Performing
2025-10-25,About,Direct,Direct,4,5,0.4672,149.43,6.27,0.5683,0.0794,0,60,High Performing
2025-10-25,Products,Paid Search,Paid,8,11,0.6524,20.0,1.34,0.358,0.0295,1,41,Low Performing
2025-10-25,Checkout,Organic Search,Organic,11,11,0.436,92.01,2.56,0.6446,0.0607,2,116,Average Performing
2025-10-25,Blog,Referral,Referral,7,9,0.5061,73.9,4.57,0.5187,0.0753,2,83,Average Performing
2025-10-25,Blog,Referral,Referral,7,9,0.5316,118.32,2.68,0.4622,0.0773,1,72,Average Performing
2025-10-25,Contact,Direct,Direct,11,12,0.504,99.73,4.14,0.4533,0.0544,0,159,High Performing
2025-10-25,Landing Page,Social,Social,7,7,0.5033,172.81,3.75,0.4922,0.027,0,60,Average Performing
2025-10-25,Home,Organic Search,Organic,11,15,0.4187,85.31,1.1,0.6012,0.0638,1,80,Low Performing
2025-10-26,Pricing,Direct,Direct,8,8,0.4946,81.34,2.26,0.5325,0.0633,1,35,High Performing
2025-10-26,Blog,Referral,Referral,6,8,0.5605,324.77,1.71,0.3823,0.0495,0,38,Average Performing
2025-10-26,Pricing,Paid Search,Paid,5,5,0.3734,434.91,1.88,0.5882,0.0613,0,17,High Performing
2025-10-26,Home,Referral,Referral,1,2,0.4531,608.37,1.78,0.4555,0.0746,0,18,Low Performing
2025-10-27,FAQ,Referral,Referral,1,2,0.509,88.93,1.7,0.4553,0.0278,0,9,Low Performing
2025-10-27,Services,Paid Search,Paid,10,11,0.5155,80.39,1.85,0.5167,0.0386,1,94,Average Performing
2025-10-27,Pricing,Referral,Referral,3,3,0.4453,92.33,2.81,0.5268,0.0211,0,21,High Performing
2025-10-28,Services,Paid Search,Paid,3,4,0.5446,148.86,1.0,0.4978,0.0354,0,9,Average Performing
2025-10-28,Home,Organic Search,Organic,6,8,0.5796,233.42,2.39,0.3798,0.036,1,41,Low Performing
2025-10-28,Services,Organic Search,Organic,7,8,0.4102,235.25,4.27,0.6283,0.0533,0,74,Average Performing
2025-10-28,Pricing,Organic Search,Organic,2,4,0.4585,197.44,2.82,0.5658,0.0657,0,30,High Performing
2025-10-29,About,Direct,Direct,7,7,0.4379,350.64,2.0,0.5815,0.0164,0,45,High Performing
2025-10-29,Landing Page,Direct,Direct,10,12,0.4999,225.29,1.18,0.4208,0.0092,0,70,Average Performing
2025-10-29,FAQ,Organic Search,Organic,9,10,0.5487,262.74,3.86,0.4636,0.0744,1,102,Low Performing
2025-10-29,Products,Organic Search,Organic,9,9,0.4474,114.76,3.48,0.5492,0.051,0,60,Low Performing
2025-10-30,Checkout,Organic Search,Organic,7,8,0.4846,165.16,5.15,0.4834,0.0483,1,79,Average Performing
2025-10-30,Home,Social,Social,11,11,0.5546,111.98,2.5,0.5101,0.0433,0,106,Low Performing
2025-10-31,About,Social,Social,7,9,0.4531,211.92,8.71,0.5064,0.125,1,183,High Performing
2025-10-31,Home,Direct,Direct,8,10,0.537,114.61,1.62,0.4533,0.0349,0,47,Low Performing
2025-10-31,Home,Organic Search,Organic,7,7,0.5316,340.91,2.67,0.4895,0.0605,0,58,Low Performing
2025-10-31,Products,Paid Search,Paid,2,3,0.4724,166.74,1.47,0.5555,0.0539,0,9,Low Performing
2025-10-31,FAQ,Direct,Direct,5,5,0.4927,313.67,6.25,0.5262,0.105,0,69,Low Performing
2025-11-01,Services,Organic Search,Organic,8,8,0.45,213.06,3.93,0.5231,0.0665,0,83,Average Performing
2025-11-01,Blog,Social,Social,5,6,0.5493,58.57,4.49,0.4148,0.0842,0,62,Average Performing
2025-11-01,Products,Organic Search,Organic,1,2,0.5727,199.19,1.0,0.4111,0.0478,0,7,Low Performing
2025-11-01,Services,Referral,Referral,1,2,0.4633,118.0,3.1,0.5224,0.0387,0,15,Average Performing
2025-11-01,Checkout,Referral,Referral,9,11,0.444,140.32,10.46,0.5451,0.1503,1,252,Average Performing
2025-11-02,Blog,Direct,Direct,10,11,0.5375,176.76,5.81,0.4814,0.0998,0,120,Average Performing
2025-11-02,Landing Page,Organic Search,Organic,5,6,0.494,36.22,1.09,0.5885,0.0457,1,12,Average Performing
2025-11-02,Blog,Paid Search,Paid,6,10,0.3462,384.29,1.0,0.7239,0.0409,1,28,Average Performing
2025-11-02,Services,Paid Search,Paid,1,3,0.471,104.88,3.62,0.5343,0.0574,0,28,Average Performing
2025-11-02,Home,Referral,Referral,10,10,0.585,120.65,1.0,0.3552,0.0279,0,42,Low Performing
2025-11-02,Pricing,Organic Search,Organic,4,5,0.449,81.12,4.49,0.6008,0.0356,0,57,High Performing
2025-11-02,Checkout,Organic Search,Organic,7,8,0.5074,289.82,6.54,0.483,0.0717,1,91,Average Performing
2025-11-02,Home,Direct,Direct,1,1,0.4225,482.41,7.69,0.6148,0.1497,1,16,Low Performing
2025-11-03,Home,Social,Social,11,13,0.5229,175.01,8.71,0.4725,0.0967,1,220,Low Performing
2025-11-03,Pricing,Paid Search,Paid,2,2,0.4388,46.33,3.34,0.5395,0.0448,0,22,High Performing
2025-11-03,Checkout,Referral,Referral,4,4,0.4503,335.56,1.92,0.5647,0.0655,0,21,Average Performing
2025-11-03,Home,Social,Social,6,7,0.5659,142.0,2.38,0.4202,0.0338,0,63,Low Performing
2025-11-03,Checkout,Organic Search,Organic,6,6,0.3621,66.71,4.11,0.5941,0.1057,0,45,Average Performing
2025-11-03,Home,Referral,Referral,1,1,0.4931,140.13,2.11,0.5207,0.0704,0,6,Low Performing
2025-11-04,Products,Organic Search,Organic,10,10,0.5829,215.29,1.0,0.4443,0.0822,0,42,Low Performing
2025-11-04,Home,Social,Social,10,13,0.4924,157.39,2.37,0.4459,0.0545,1,53,Low Performing
2025-11-04,Products,Social,Social,8,10,0.4322,193.7,5.54,0.5628,0.1083,0,127,Low Performing
2025-11-04,Services,Organic Search,Organic,8,9,0.4774,146.63,4.76,0.4723,0.0317,1,104,Average Performing
2025-11-04,Products,Referral,Referral,3,5,0.5444,44.01,1.58,0.4858,0.0463,0,19,Low Performing
2025-11-04,Blog,Organic Search,Organic,2,3,0.493,267.27,1.47,0.5375,0.0567,0,14,Average Performing
2025-11-04,Products,Social,Social,5,7,0.5736,315.83,1.72,0.4644,0.0264,0,44,Low Performing
2025-11-04,Landing Page,Paid Search,Paid,11,14,0.518,106.58,1.0,0.5876,0.0369,0,97,Average Performing
2025-11-05,About,Direct,Direct,7,7,0.518,252.95,1.0,0.5401,0.0595,1,14,High Performing
2025-11-05,Home,Direct,Direct,8,10,0.4452,333.78,6.38,0.5979,0.1021,1,128,Low Performing
2025-11-05,Blog,Referral,Referral,11,14,0.5415,263.97,1.55,0.4633,0.0505,0,99,Average Performing
2025-11-05,Contact,Paid Search,Paid,2,2,0.485,250.73,6.79,0.572,0.0967,1,27,High Performing
2025-11-05,Services,Direct,Direct,11,12,0.4922,165.79,1.06,0.574,0.0129,0,36,Average Performing
2025-11-05,Products,Direct,Direct,10,10,0.3785,266.3,1.29,0.5961,0.0031,0,36,Low Performing
2025-11-05,Products,Organic Search,Organic,3,4,0.5592,67.49,1.0,0.4792,0.011,0,14,Low Performing
2025-11-06,Home,Direct,Direct,2,4,0.4493,298.79,1.96,0.52,0.045,0,19,Low Performing
2025-11-06,About,Referral,Referral,7,7,0.4998,170.24,3.19,0.558,0.0427,1,76,High Performing
2025-11-06,Blog,Organic Search,Organic,9,13,0.5273,108.99,2.14,0.5396,0.0515,0,82,Average Performing
2025-11-06,Pricing,Social,Social,8,9,0.4577,30.24,1.92,0.5101,0.0395,1,54,High Performing
2025-11-06,Home,Referral,Referral,1,2,0.5151,205.41,1.64,0.4423,0.0388,0,7,Low Performing
2025-11-06,Contact,Referral,Referral,7,7,0.4405,409.79,5.22,0.6335,0.0819,1,71,High Performing
2025-11-07,Contact,Organic Search,Organic,11,12,0.4794,41.69,4.55,0.5521,0.0983,2,135,High Performing
2025-11-07,Home,Organic Search,Organic,3,4,0.4347,20.0,3.42,0.561,0.0438,0,26,Low Performing
2025-11-08,Pricing,Referral,Referral,6,7,0.4231,90.13,1.8,0.5643,0.0,0,21,High Performing
2025-11-08,Blog,Direct,Direct,2,3,0.5203,84.89,2.21,0.4069,0.0448,0,18,Average Performing
2025-11-08,FAQ,Social,Social,1,2,0.6176,93.94,1.06,0.3767,0.0173,0,12,Low Performing
2025-11-08,Home,Organic Search,Organic,3,7,0.4725,20.0,6.13,0.619,0.0715,0,91,Low Performing
2025-11-08,Blog,Direct,Direct,8,9,0.4101,212.27,2.52,0.5909,0.063,3,76,Average Performing
2025-11-09,Pricing,Direct,Direct,8,12,0.4669,476.51,3.63,0.5388,0.1141,2,113,High Performing
2025-11-09,Home,Referral,Referral,6,7,0.4412,511.27,4.67,0.4971,0.0958,0,74,Low Performing
2025-11-09,Products,Referral,Referral,3,3,0.49,375.37,4.41,0.5366,0.1119,0,33,Low Performing
2025-11-09,Landing Page,Organic Search,Organic,7,7,0.5029,218.78,1.78,0.5504,0.0726,1,27,Average Performing
2025-11-09,Blog,Organic Search,Organic,1,3,0.5015,385.08,1.91,0.4528,0.0443,0,25,Average Performing
2025-11-09,Landing Page,Referral,Referral,1,2,0.5289,281.4,2.3,0.447,0.0408,0,14,Average Performing
2025-11-10,Landing Page,Paid Search,Paid,5,6,0.415,67.74,2.69,0.6532,0.0454,0,50,Average Performing
2025-11-10,Pricing,Organic Search,Organic,11,11,0.3799,272.08,4.91,0.5798,0.0673,0,91,High Performing
2025-11-10,Landing Page,Organic Search,Organic,6,6,0.532,131.04,1.86,0.5616,0.0302,1,43,Average Performing
2025-11-11,Pricing,Referral,Referral,4,5,0.5908,61.57,5.03,0.4413,0.1069,1,46,High Performing
2025-11-11,Services,Paid Search,Paid,2,3,0.4967,524.55,1.51,0.5006,0.0784,0,22,Average Performing
2025-11-11,Blog,Paid Search,Paid,2,3,0.4351,248.1,6.58,0.5545,0.1007,0,48,Average Performing
2025-11-11,Products,Social,Social,4,4,0.4845,193.11,1.29,0.4913,0.058,0,21,Low Performing
2025-11-11,About,Paid Search,Paid,4,6,0.4146,81.43,4.03,0.5511,0.0892,1,48,High Performing
2025-11-12,Home,Organic Search,Organic,3,5,0.4677,81.2,1.93,0.5307,0.0343,0,47,Low Performing
2025-11-12,Blog,Direct,Direct,8,11,0.5148,20.63,2.41,0.5488,0.0659,1,28,Average Performing
2025-11-12,Landing Page,Direct,Direct,8,8,0.3542,425.12,6.16,0.7257,0.1243,1,113,Average Performing
2025-11-12,Home,Organic Search,Organic,1,1,0.5393,134.81,3.71,0.4504,0.0701,0,9,Low Performing
2025-11-13,Services,Direct,Direct,2,5,0.4588,309.54,2.73,0.4753,0.0731,0,33,Average Performing
2025-11-13,Blog,Paid Search,Paid,10,12,0.5451,143.48,5.66,0.4703,0.1027,0,175,Average Performing
2025-11-13,Landing Page,Social,Social,9,11,0.4999,240.15,2.98,0.4896,0.079,1,55,Average Performing
2025-11-13,Home,Social,Social,2,2,0.5372,290.9,2.01,0.4627,0.0198,0,15,Low Performing
2025-11-14,Blog,Organic Search,Organic,7,8,0.4235,34.05,2.69,0.6457,0.0065,0,24,Average Performing
2025-11-14,Services,Paid Search,Paid,1,2,0.5467,306.26,3.7,0.4406,0.0758,0,20,Average Performing
2025-11-14,Blog,Paid Search,Paid,2,3,0.4124,128.65,1.6,0.566,0.0692,1,22,Average Performing
2025-11-14,Home,Paid Search,Paid,6,6,0.4015,191.64,4.84,0.629,0.0889,0,65,Low Performing
2025-11-14,Blog,Direct,Direct,7,7,0.5064,187.72,1.16,0.5587,0.0176,0,27,Average Performing
2025-11-15,Home,Organic Search,Organic,3,5,0.4248,336.01,6.92,0.5454,0.1194,0,78,Low Performing
2025-11-15,Home,Organic Search,Organic,3,3,0.479,248.69,1.75,0.4963,0.053,0,19,Low Performing
2025-11-15,Landing Page,Organic Search,Organic,11,12,0.5268,67.85,3.01,0.4675,0.0704,0,116,Average Performing
2025-11-15,Blog,Organic Search,Organic,3,4,0.6211,102.82,1.03,0.3339,0.0584,0,20,Average Performing
2025-11-15,Blog,Direct,Direct,6,6,0.5524,179.63,2.51,0.4213,0.0388,0,33,Average Performing
2025-11-16,Pricing,Organic Search,Organic,3,3,0.5277,61.78,6.1,0.4517,0.0482,1,36,High Performing
2025-11-16,About,Referral,Referral,9,12,0.4224,283.91,1.31,0.6147,0.0158,0,49,High Performing
2025-11-16,Landing Page,Referral,Referral,2,3,0.4731,308.69,2.36,0.5261,0.0958,1,12,Average Performing
2025-11-16,Blog,Direct,Direct,7,7,0.474,133.51,5.97,0.6163,0.1112,1,94,Average Performing
2025-11-17,Home,Direct,Direct,8,10,0.5263,193.81,2.75,0.545,0.0561,1,67,Low Performing
2025-11-17,Contact,Direct,Direct,10,11,0.4808,129.48,1.25,0.4713,0.0229,2,11,High Performing
2025-11-17,FAQ,Direct,Direct,11,12,0.4725,220.73,1.0,0.5266,0.0481,0,31,Low Performing
2025-11-17,FAQ,Referral,Referral,5,6,0.5028,325.3,4.5,0.5017,0.0656,0,25,Low Performing
2025-11-17,Services,Social,Social,10,11,0.5,82.47,3.26,0.4016,0.0375,0,85,Average Performing
2025-11-18,Home,Paid Search,Paid,1,1,0.573,122.22,2.51,0.4352,0.0469,0,4,Low Performing
2025-11-18,Products,Paid Search,Paid,1,3,0.3652,224.22,2.52,0.6893,0.0232,0,21,Low Performing
2025-11-18,About,Paid Search,Paid,6,6,0.4735,253.15,1.93,0.5461,0.0888,0,25,High Performing
2025-11-18,Services,Organic Search,Organic,1,3,0.5499,146.46,2.93,0.3731,0.0652,0,18,Average Performing
2025-11-18,Home,Social,Social,11,11,0.4915,178.84,3.07,0.5919,0.0341,0,79,Low Performing
2025-11-18,Products,Social,Social,8,10,0.4926,392.95,3.65,0.5253,0.0382,1,101,Low Performing
2025-11-19,Blog,Organic Search,Organic,9,10,0.6018,88.68,4.18,0.4461,0.0686,0,81,Average Performing
2025-11-19,Home,Organic Search,Organic,2,7,0.3693,57.26,2.3,0.6196,0.0625,0,52,Low Performing
2025-11-19,Blog,Organic Search,Organic,2,4,0.4805,280.87,1.46,0.5058,0.052,0,13,Average Performing
2025-11-20,Home,Organic Search,Organic,10,10,0.5469,154.84,1.0,0.4054,0.031,0,26,Low Performing
2025-11-20,Products,Direct,Direct,9,10,0.5585,107.46,3.62,0.4105,0.0548,0,90,Low Performing
2025-11-20,Home,Organic Search,Organic,6,7,0.4265,582.95,1.0,0.5631,0.0607,2,34,Low Performing
2025-11-20,About,Social,Social,6,6,0.474,196.16,4.08,0.569,0.0599,0,56,High Performing
2025-11-20,Landing Page,Organic Search,Organic,9,10,0.539,65.27,1.0,0.441,0.0411,2,52,Average Performing
2025-11-20,FAQ,Paid Search,Paid,1,2,0.5689,164.63,1.38,0.4087,0.0288,0,9,Low Performing
2025-11-20,FAQ,Referral,Referral,4,4,0.5433,103.19,3.53,0.5067,0.0412,0,41,Low Performing
2025-11-21,Products,Organic Search,Organic,11,12,0.4928,486.21,2.22,0.5164,0.0296,0,39,Low Performing
2025-11-21,Contact,Social,Social,10,13,0.5238,255.41,1.0,0.4366,0.0511,0,81,High Performing
2025-11-21,Services,Organic Search,Organic,6,8,0.5327,112.66,3.3,0.4558,0.0707,0,68,Average Performing
2025-11-21,Pricing,Organic Search,Organic,6,7,0.5637,87.98,1.5,0.3765,0.0244,0,37,High Performing
2025-11-21,Services,Paid Search,Paid,4,5,0.3762,136.0,3.46,0.6629,0.0765,0,25,Average Performing
2025-11-21,Landing Page,Social,Social,9,13,0.4938,280.18,3.36,0.5294,0.071,0,122,Average Performing
2025-11-21,Blog,Direct,Direct,9,9,0.4391,194.82,2.62,0.5228,0.0848,0,60,Average Performing
2025-11-22,Blog,Direct,Direct,2,2,0.5646,265.55,1.68,0.4778,0.0554,0,11,Average Performing
2025-11-22,About,Direct,Direct,8,10,0.5687,189.29,1.37,0.4258,0.0303,0,62,High Performing
2025-11-22,Home,Organic Search,Organic,11,11,0.4531,67.56,4.82,0.5332,0.0637,0,99,Low Performing
2025-11-22,Products,Social,Social,2,4,0.4353,216.18,1.61,0.5673,0.0326,0,16,Low Performing
2025-11-23,Home,Direct,Direct,6,7,0.4867,133.8,2.73,0.5595,0.0612,0,51,Low Performing
2025-11-23,Checkout,Direct,Direct,2,4,0.4135,135.72,1.18,0.6426,0.0431,0,23,Average Performing
2025-11-23,Home,Direct,Direct,2,4,0.4444,71.5,4.87,0.5527,0.0519,1,44,Low Performing
2025-11-23,Pricing,Referral,Referral,3,5,0.4011,102.55,4.44,0.5873,0.0585,1,56,High Performing
2025-11-23,Home,Direct,Direct,5,6,0.4649,138.1,3.19,0.5007,0.0685,0,49,Low Performing
2025-11-23,Blog,Direct,Direct,2,6,0.6068,201.26,1.21,0.3813,0.0389,1,24,Average Performing
2025-11-23,About,Direct,Direct,8,9,0.5527,54.87,1.6,0.4447,0.0373,0,32,High Performing
2025-11-24,Products,Organic Search,Organic,10,12,0.5125,75.36,3.02,0.4121,0.0605,0,112,Low Performing
2025-11-24,Landing Page,Social,Social,2,2,0.4771,234.54,1.65,0.5485,0.0572,0,9,Average Performing
2025-11-24,Home,Referral,Referral,7,9,0.5515,57.83,1.58,0.4057,0.0515,0,37,Low Performing
2025-11-24,Home,Direct,Direct,2,3,0.5383,378.6,2.54,0.5359,0.0594,0,18,Low Performing
2025-11-24,Home,Social,Social,2,3,0.4587,238.32,4.21,0.5318,0.0624,0,32,Low Performing
2025-11-24,Home,Social,Social,1,1,0.5793,203.61,1.43,0.4314,0.0498,0,3,Low Performing
2025-11-25,Pricing,Organic Search,Organic,8,10,0.4864,213.66,2.93,0.5437,0.0564,2,70,High Performing
2025-11-25,Landing Page,Referral,Referral,5,6,0.5536,403.83,1.86,0.3921,0.0681,0,47,Average Performing
2025-11-25,Blog,Organic Search,Organic,4,5,0.3976,134.75,2.09,0.6292,0.0789,0,20,Average Performing
2025-11-25,Contact,Organic Search,Organic,4,5,0.5204,398.56,6.2,0.4605,0.0816,0,51,High Performing
2025-11-25,Checkout,Paid Search,Paid,6,8,0.5385,34.37,3.05,0.5072,0.0817,0,52,Average Performing
2025-11-25,Blog,Paid Search,Paid,9,13,0.4131,176.8,1.24,0.6282,0.0395,1,97,Average Performing
2025-11-26,Checkout,Paid Search,Paid,6,8,0.4904,175.1,4.47,0.5147,0.0722,0,86,Average Performing
2025-11-26,Home,Paid Search,Paid,4,4,0.403,231.17,4.84,0.6398,0.0759,0,53,Low Performing
2025-11-26,Home,Referral,Referral,7,7,0.4705,560.65,1.92,0.4956,0.0834,0,26,Low Performing
2025-11-26,Services,Social,Social,4,8,0.4581,150.25,2.94,0.5444,0.0658,0,79,Average Performing
2025-11-26,Home,Paid Search,Paid,5,5,0.4043,20.0,2.31,0.5937,0.0566,0,21,Low Performing
2025-11-26,Home,Organic Search,Organic,1,2,0.5001,289.28,1.62,0.4291,0.0154,0,16,Low Performing
2025-11-27,Landing Page,Paid Search,Paid,2,3,0.4992,22.13,5.09,0.5257,0.0697,1,43,Average Performing
2025-11-27,FAQ,Organic Search,Organic,8,10,0.5506,196.2,2.79,0.433,0.0766,1,66,Low Performing
2025-11-27,Contact,Direct,Direct,3,4,0.5622,99.49,3.34,0.4308,0.0444,0,24,High Performing
2025-11-27,Home,Social,Social,2,3,0.5204,363.49,2.02,0.4535,0.0568,0,20,Low Performing
2025-11-27,Services,Organic Search,Organic,8,10,0.5259,164.72,4.81,0.473,0.1002,0,130,Average Performing
2025-11-28,Pricing,Organic Search,Organic,1,4,0.453,39.84,3.19,0.5703,0.035,0,33,High Performing
2025-11-28,Blog,Social,Social,5,7,0.5768,99.83,2.76,0.4051,0.0232,1,38,Average Performing
2025-11-28,Products,Referral,Referral,2,3,0.4825,35.44,5.29,0.482,0.0712,0,36,Low Performing
2025-11-29,Landing Page,Referral,Referral,10,11,0.5022,50.06,1.0,0.5156,0.0142,0,43,Average Performing
2025-11-29,Home,Organic Search,Organic,11,11,0.4883,361.3,5.55,0.4887,0.1116,0,120,Low Performing
2025-11-29,Services,Referral,Referral,8,10,0.5921,213.7,1.0,0.4655,0.069,1,39,Average Performing
2025-11-29,Home,Organic Search,Organic,6,6,0.6114,199.31,1.0,0.3746,0.0525,1,9,Low Performing
2025-11-29,Products,Referral,Referral,10,10,0.4056,118.47,3.92,0.6018,0.0612,0,70,Low Performing
2025-11-29,Blog,Referral,Referral,7,7,0.5265,148.86,4.49,0.4591,0.0679,0,84,Average Performing
2025-11-29,Services,Referral,Referral,10,10,0.5487,102.9,3.21,0.4501,0.0453,0,77,Average Performing
2025-11-30,Home,Organic Search,Organic,1,3,0.5201,49.36,1.0,0.5032,0.0189,0,15,Low Performing
2025-11-30,Services,Referral,Referral,8,8,0.3332,499.08,5.7,0.6071,0.089,0,94,Average Performing
2025-11-30,Products,Direct,Direct,5,5,0.4422,157.99,8.54,0.4432,0.1213,0,83,Low Performing
2025-11-30,Services,Organic Search,Organic,9,12,0.4408,84.48,1.0,0.5902,0.0325,0,110,Average Performing
2025-11-30,Home,Paid Search,Paid,8,9,0.3895,99.31,2.92,0.5772,0.0481,0,49,Low Performing
2025-11-30,Blog,Social,Social,9,11,0.5713,300.59,1.26,0.3611,0.0471,0,19,Average Performing
2025-11-30,About,Referral,Referral,9,10,0.4016,89.01,1.07,0.6254,0.032,0,38,High Performing
2025-11-30,Contact,Paid Search,Paid,6,6,0.4976,252.75,1.28,0.3884,0.0307,0,38,High Performing
2025-11-30,Products,Paid Search,Paid,6,9,0.3956,84.91,4.61,0.6169,0.0424,1,97,Low Performing
2025-11-30,Products,Direct,Direct,3,5,0.3585,377.59,3.23,0.6332,0.0882,0,39,Low Performing
2025-11-30,Landing Page,Direct,Direct,4,5,0.5209,99.58,3.0,0.394,0.0727,1,31,Average Performing
2025-11-30,Services,Referral,Referral,2,6,0.5417,192.85,6.48,0.4687,0.0949,2,86,Average Performing
2025-12-01,Services,Organic Search,Organic,1,1,0.5136,262.32,1.0,0.5364,0.0474,0,3,Average Performing
2025-12-01,About,Organic Search,Organic,5,6,0.5581,366.7,1.5,0.4141,0.0716,0,28,High Performing
2025-12-01,Pricing,Referral,Referral,11,12,0.5064,67.05,1.6,0.4389,0.018,0,46,High Performing
2025-12-01,Landing Page,Organic Search,Organic,11,11,0.493,84.22,1.61,0.5699,0.0554,0,31,Average Performing
2025-12-01,Home,Social,Social,7,9,0.3993,331.19,3.37,0.5553,0.0632,0,71,Low Performing
2025-12-01,Blog,Social,Social,7,10,0.4895,33.9,3.8,0.5312,0.0429,0,61,Average Performing
2025-12-02,Services,Direct,Direct,10,11,0.5219,200.34,3.64,0.4366,0.0808,2,96,Average Performing
2025-12-02,Products,Organic Search,Organic,3,7,0.4258,147.82,1.97,0.5351,0.0348,0,55,Low Performing
2025-12-02,Pricing,Organic Search,Organic,11,12,0.3774,208.11,3.31,0.6139,0.0895,0,125,High Performing
2025-12-02,Pricing,Organic Search,Organic,11,13,0.4014,162.27,4.08,0.5955,0.065,0,73,High Performing
2025-12-02,Blog,Organic Search,Organic,9,10,0.493,392.55,1.0,0.4481,0.0345,1,38,Average Performing
2025-12-02,FAQ,Organic Search,Organic,9,10,0.5673,471.8,3.08,0.4217,0.0898,0,62,Low Performing
2025-12-02,Products,Organic Search,Organic,1,3,0.4304,133.39,1.87,0.55,0.0525,0,12,Low Performing
2025-12-02,About,Organic Search,Organic,7,8,0.5482,322.77,2.12,0.4897,0.0516,1,45,High Performing
2025-12-02,Home,Paid Search,Paid,2,3,0.5358,114.9,3.94,0.457,0.0681,0,26,Low Performing
2025-12-02,Landing Page,Direct,Direct,8,9,0.4409,277.67,1.0,0.5848,0.053,1,36,Average Performing
2025-12-03,Checkout,Referral,Referral,6,6,0.4912,210.75,4.13,0.5261,0.0538,0,63,Average Performing
2025-12-03,Blog,Organic Search,Organic,4,4,0.4825,221.83,2.26,0.4987,0.0593,0,33,Average Performing
2025-12-03,Landing Page,Direct,Direct,1,1,0.5563,113.76,2.06,0.4947,0.0437,0,4,Average Performing
2025-12-03,Checkout,Direct,Direct,3,6,0.4688,85.83,1.35,0.5639,0.033,1,37,Average Performing
2025-12-03,Landing Page,Organic Search,Organic,1,3,0.5392,45.96,4.61,0.4144,0.0783,0,38,Average Performing
2025-12-03,About,Referral,Referral,10,10,0.4703,91.04,2.29,0.5267,0.0,0,46,High Performing
2025-12-03,Landing Page,Organic Search,Organic,3,4,0.5134,126.99,1.26,0.4951,0.0202,0,19,Average Performing
2025-12-04,Home,Paid Search,Paid,4,6,0.4759,132.14,1.59,0.4809,0.0526,0,20,Low Performing
2025-12-04,Contact,Organic Search,Organic,7,10,0.5174,241.74,1.0,0.5018,0.0219,0,45,High Performing
2025-12-04,Home,Organic Search,Organic,5,6,0.4403,124.72,2.53,0.6337,0.0877,0,47,Low Performing
2025-12-04,Home,Direct,Direct,11,12,0.537,159.15,1.84,0.4615,0.03,1,33,Low Performing
2025-12-04,Contact,Direct,Direct,7,7,0.5021,172.57,2.28,0.495,0.0471,0,15,High Performing
2025-12-04,Home,Organic Search,Organic,2,2,0.4581,197.06,1.38,0.5268,0.059,0,4,Low Performing
2025-12-04,Landing Page,Paid Search,Paid,8,8,0.5731,57.37,1.56,0.4612,0.0163,1,36,Average Performing
2025-12-04,Landing Page,Organic Search,Organic,4,5,0.6182,57.67,1.43,0.3298,0.0522,1,22,Average Performing
2025-12-05,Contact,Organic Search,Organic,9,9,0.4893,77.91,1.2,0.4366,0.0549,1,26,High Performing
2025-12-05,Contact,Organic Search,Organic,5,6,0.5662,80.49,1.0,0.4206,0.0246,0,13,High Performing
2025-12-05,Home,Paid Search,Paid,11,11,0.6127,119.52,1.32,0.3033,0.0523,0,30,Low Performing
2025-12-05,Blog,Organic Search,Organic,5,7,0.3344,260.47,7.01,0.5649,0.1302,1,101,Average Performing
2025-12-06,Blog,Direct,Direct,2,4,0.5148,59.96,2.84,0.4833,0.0402,0,13,Average Performing
2025-12-06,Services,Referral,Referral,2,3,0.5115,289.75,4.46,0.5125,0.0467,0,23,Average Performing
2025-12-06,Products,Organic Search,Organic,8,11,0.4027,266.67,4.36,0.5667,0.0917,0,103,Low Performing
2025-12-06,FAQ,Social,Social,6,9,0.4978,71.86,1.66,0.497,0.0777,1,31,Low Performing
2025-12-06,Home,Referral,Referral,5,7,0.5077,183.5,1.99,0.4993,0.053,0,63,Low Performing
2025-12-06,Checkout,Social,Social,4,6,0.4828,299.11,2.77,0.5139,0.0445,0,31,Average Performing
2025-12-06,Services,Referral,Referral,7,7,0.4541,139.95,2.89,0.603,0.0694,2,66,Average Performing
2025-12-07,Checkout,Paid Search,Paid,6,6,0.528,161.65,1.63,0.4261,0.0256,0,40,Average Performing
2025-12-07,Services,Organic Search,Organic,6,8,0.4624,91.29,1.0,0.5278,0.034,0,25,Average Performing
2025-12-07,Home,Paid Search,Paid,5,5,0.491,200.91,3.59,0.5096,0.0475,0,35,Low Performing
2025-12-07,Products,Direct,Direct,11,12,0.4514,255.36,1.19,0.5697,0.0247,0,71,Low Performing
2025-12-07,Services,Direct,Direct,1,2,0.5442,70.67,1.0,0.4785,0.0395,0,1,Average Performing
2025-12-07,Home,Direct,Direct,1,6,0.5904,129.84,1.0,0.4732,0.022,0,29,Low Performing
2025-12-07,FAQ,Social,Social,9,11,0.5065,311.19,1.0,0.4829,0.0614,0,60,Low Performing
2025-12-07,Home,Organic Search,Organic,8,10,0.4207,226.06,5.2,0.5795,0.0701,0,85,Low Performing
2025-12-08,Home,Organic Search,Organic,2,6,0.4791,680.21,2.64,0.5584,0.0759,1,65,Low Performing
2025-12-08,Blog,Paid Search,Paid,3,5,0.5233,58.68,1.0,0.4333,0.0385,1,31,Average Performing
2025-12-08,Home,Direct,Direct,5,6,0.4862,145.89,2.62,0.6104,0.0424,0,45,Low Performing
2025-12-08,FAQ,Paid Search,Paid,10,10,0.4559,87.44,1.54,0.5735,0.0316,0,59,Low Performing
2025-12-08,Pricing,Organic Search,Organic,4,4,0.492,65.16,6.04,0.4537,0.0546,0,46,High Performing
2025-12-09,Products,Organic Search,Organic,6,7,0.4495,52.05,6.79,0.5179,0.1097,0,112,Low Performing
2025-12-09,FAQ,Social,Social,2,2,0.3946,196.84,4.51,0.6067,0.1085,0,19,Low Performing
2025-12-09,FAQ,Organic Search,Organic,10,10,0.4268,376.92,2.51,0.6013,0.0667,0,18,Low Performing
2025-12-09,Services,Social,Social,10,12,0.4595,360.42,1.51,0.4814,0.0727,1,70,Average Performing
2025-12-09,Services,Organic Search,Organic,5,5,0.4762,170.62,1.0,0.5378,0.0321,0,15,Average Performing
2025-12-09,Products,Paid Search,Paid,10,10,0.4977,252.76,3.28,0.4799,0.0595,1,58,Low Performing
2025-12-09,Contact,Paid Search,Paid,8,8,0.4361,80.02,1.0,0.5619,0.0007,0,20,High Performing
2025-12-09,Products,Organic Search,Organic,7,8,0.5534,392.96,7.1,0.3973,0.1594,2,92,Low Performing
2025-12-09,Products,Organic Search,Organic,7,8,0.4381,280.42,1.41,0.5866,0.0454,0,47,Low Performing
2025-12-09,Products,Organic Search,Organic,8,9,0.4763,132.21,5.97,0.4893,0.1032,2,95,Low Performing
2025-12-09,Contact,Referral,Referral,9,9,0.4655,93.23,2.8,0.4708,0.0664,1,67,High Performing
2025-12-09,Checkout,Referral,Referral,3,5,0.6062,326.93,1.09,0.3298,0.0771,1,27,Average Performing
2025-12-09,Pricing,Paid Search,Paid,1,2,0.5098,80.51,3.71,0.4315,0.0584,0,20,High Performing
2025-12-10,Pricing,Social,Social,10,11,0.4805,333.19,1.89,0.5635,0.0693,1,53,High Performing
2025-12-10,Landing Page,Paid Search,Paid,2,3,0.4428,175.38,2.33,0.5426,0.0429,0,15,Average Performing
2025-12-10,Blog,Paid Search,Paid,1,3,0.4157,166.88,3.58,0.5355,0.0762,0,20,Average Performing
2025-12-10,Services,Referral,Referral,9,9,0.5601,105.13,1.53,0.4176,0.0379,0,40,Average Performing
2025-12-10,FAQ,Organic Search,Organic,8,10,0.4328,84.42,1.0,0.6163,0.032,0,37,Low Performing
2025-12-11,About,Direct,Direct,2,3,0.5485,428.08,1.96,0.4667,0.0453,0,22,High Performing
2025-12-11,Home,Organic Search,Organic,8,8,0.4091,178.51,4.2,0.4939,0.0778,1,89,Low Performing
2025-12-11,Contact,Social,Social,9,9,0.41,573.59,4.02,0.6004,0.1014,0,64,High Performing
2025-12-12,FAQ,Social,Social,3,6,0.4471,224.49,3.4,0.5713,0.0744,0,45,Low Performing
2025-12-12,Contact,Social,Social,6,6,0.4687,160.76,4.42,0.5487,0.0622,0,62,High Performing
2025-12-12,Products,Social,Social,7,7,0.5399,26.12,1.87,0.4405,0.0398,1,25,Low Performing
2025-12-12,Home,Referral,Referral,5,5,0.542,193.4,4.89,0.4387,0.0733,1,45,Low Performing
2025-12-13,Services,Social,Social,6,7,0.415,283.61,1.1,0.5824,0.0462,0,22,Average Performing
2025-12-13,Home,Referral,Referral,1,2,0.5796,172.1,2.28,0.4441,0.0276,0,16,Low Performing
2025-12-13,Products,Social,Social,11,12,0.4871,379.89,4.46,0.4449,0.0382,0,130,Low Performing
2025-12-13,Services,Social,Social,1,1,0.4409,278.06,2.0,0.6942,0.0417,0,6,Average Performing
2025-12-13,Landing Page,Direct,Direct,6,6,0.4151,256.52,3.04,0.66,0.0132,0,51,Average Performing
2025-12-14,About,Organic Search,Organic,5,5,0.5511,70.68,1.83,0.4505,0.0069,0,25,High Performing
2025-12-14,Services,Organic Search,Organic,6,7,0.5098,147.04,1.0,0.5362,0.026,0,17,Average Performing
2025-12-14,Landing Page,Direct,Direct,11,12,0.5013,427.07,1.0,0.4916,0.0613,0,40,Average Performing
2025-12-14,Services,Direct,Direct,5,8,0.4118,367.44,1.69,0.6071,0.0647,0,34,Average Performing
2025-12-14,Products,Direct,Direct,9,9,0.595,153.25,1.36,0.3658,0.0431,0,48,Low Performing
2025-12-14,Home,Social,Social,11,12,0.5247,66.54,1.23,0.5086,0.0563,1,19,Low Performing
2025-12-15,Home,Direct,Direct,6,9,0.5346,85.11,2.81,0.4598,0.0583,2,45,Low Performing
2025-12-15,Pricing,Direct,Direct,2,3,0.4949,181.72,3.22,0.5466,0.0808,0,27,High Performing
2025-12-15,Pricing,Organic Search,Organic,4,8,0.5277,287.18,2.11,0.4439,0.0798,1,56,High Performing
2025-12-16,Home,Referral,Referral,6,7,0.5369,54.47,1.84,0.4194,0.0094,0,34,Low Performing
2025-12-16,Services,Organic Search,Organic,8,9,0.4075,171.49,1.0,0.5857,0.0619,0,44,Average Performing
2025-12-16,Products,Social,Social,5,6,0.4833,225.75,1.37,0.5623,0.0347,0,13,Low Performing
2025-12-17,About,Direct,Direct,5,6,0.533,405.39,1.0,0.4288,0.0463,1,11,High Performing
2025-12-17,Blog,Paid Search,Paid,8,9,0.5434,191.03,1.24,0.4588,0.0474,1,45,Average Performing
2025-12-17,Products,Direct,Direct,4,5,0.5797,106.39,1.93,0.3905,0.0533,0,39,Low Performing
2025-12-18,Contact,Direct,Direct,8,9,0.4423,92.35,2.72,0.5713,0.0365,0,10,High Performing
2025-12-18,About,Organic Search,Organic,4,4,0.6247,120.56,2.52,0.4051,0.04,0,7,High Performing
2025-12-18,Pricing,Social,Social,4,7,0.4915,284.5,2.57,0.4683,0.0282,0,61,High Performing
2025-12-18,Products,Organic Search,Organic,5,6,0.5677,177.46,5.69,0.3749,0.0831,0,61,Low Performing
2025-12-18,Home,Paid Search,Paid,2,2,0.5334,100.09,1.1,0.4725,0.0653,0,9,Low Performing
2025-12-18,Home,Social,Social,9,10,0.4611,183.37,1.98,0.4433,0.0522,1,66,Low Performing
2025-12-18,Pricing,Organic Search,Organic,10,12,0.4921,349.63,5.23,0.4866,0.1104,2,142,High Performing
2025-12-18,Home,Direct,Direct,5,5,0.4406,166.37,5.62,0.5753,0.0856,2,64,Low Performing
2025-12-19,Home,Organic Search,Organic,5,6,0.4582,184.83,1.8,0.5216,0.0152,0,22,Low Performing
2025-12-19,Landing Page,Social,Social,8,9,0.5621,111.67,2.58,0.3792,0.0542,1,64,Average Performing
2025-12-19,Services,Organic Search,Organic,9,10,0.3824,244.19,4.46,0.6764,0.0658,0,96,Average Performing
2025-12-19,Home,Paid Search,Paid,11,14,0.4964,124.88,2.01,0.5448,0.0367,0,112,Low Performing
2025-12-20,Pricing,Direct,Direct,7,7,0.4955,91.66,1.42,0.4969,0.0556,0,9,High Performing
2025-12-20,Services,Referral,Referral,1,1,0.4497,51.8,2.95,0.6466,0.0112,0,6,Average Performing
2025-12-20,Services,Paid Search,Paid,2,4,0.4257,110.86,5.27,0.5663,0.1106,0,48,Average Performing
2025-12-20,About,Organic Search,Organic,8,8,0.4557,167.93,6.92,0.5562,0.0903,0,133,High Performing
2025-12-20,Landing Page,Paid Search,Paid,6,9,0.5552,381.05,4.59,0.4601,0.0826,1,121,Average Performing
2025-12-20,Services,Direct,Direct,9,11,0.5686,42.58,2.7,0.4746,0.047,0,79,Average Performing
2025-12-21,Products,Paid Search,Paid,10,10,0.4385,83.95,1.85,0.5612,0.0214,1,34,Low Performing
2025-12-21,FAQ,Organic Search,Organic,5,5,0.4384,271.24,6.21,0.4932,0.1031,0,62,Low Performing
2025-12-21,Home,Direct,Direct,10,12,0.4276,265.63,4.19,0.6353,0.0678,1,77,Low Performing
2025-12-21,About,Organic Search,Organic,5,7,0.6433,48.35,1.0,0.3364,0.0417,0,4,High Performing
2025-12-21,Pricing,Direct,Direct,4,7,0.5162,126.86,4.01,0.4096,0.0624,1,66,High Performing
2025-12-21,FAQ,Organic Search,Organic,10,12,0.482,83.45,1.0,0.6049,0.0385,1,38,Low Performing
2025-12-22,FAQ,Direct,Direct,8,10,0.5126,392.61,3.35,0.5084,0.0775,0,80,Low Performing
2025-12-22,Services,Organic Search,Organic,7,7,0.4344,200.44,5.41,0.5813,0.0803,0,71,Average Performing
2025-12-22,Products,Organic Search,Organic,9,10,0.5246,113.17,2.29,0.4553,0.0614,0,68,Low Performing
2025-12-22,Home,Paid Search,Paid,4,4,0.4884,87.36,1.2,0.5424,0.072,0,8,Low Performing
2025-12-22,Home,Paid Search,Paid,6,8,0.535,77.51,3.03,0.4538,0.0461,1,77,Low Performing
2025-12-22,Landing Page,Referral,Referral,4,5,0.4886,38.05,2.87,0.4589,0.0434,0,37,Average Performing
2025-12-22,Home,Social,Social,4,7,0.5183,492.03,6.29,0.4523,0.1101,0,71,Low Performing
2025-12-23,Blog,Organic Search,Organic,9,9,0.6234,115.03,1.3,0.3801,0.043,0,42,Average Performing
2025-12-23,Blog,Organic Search,Organic,9,11,0.5225,35.92,2.29,0.4794,0.0482,0,84,Average Performing
2025-12-23,Checkout,Organic Search,Organic,6,7,0.5658,316.25,2.1,0.3767,0.0294,0,24,Average Performing
2025-12-23,Services,Organic Search,Organic,9,9,0.5862,141.95,4.29,0.4501,0.0673,0,84,Average Performing
2025-12-23,Pricing,Organic Search,Organic,11,13,0.568,53.85,2.18,0.4516,0.0551,0,85,High Performing
2025-12-24,Home,Referral,Referral,1,2,0.5552,51.46,2.06,0.4466,0.0275,0,5,Low Performing
2025-12-24,Home,Direct,Direct,4,4,0.4931,158.51,1.52,0.4754,0.0472,1,5,Low Performing
2025-12-24,Products,Organic Search,Organic,6,9,0.4526,201.42,1.81,0.5714,0.0276,0,33,Low Performing
2025-12-24,Checkout,Organic Search,Organic,3,3,0.585,92.76,1.0,0.4277,0.0155,0,19,Average Performing
2025-12-25,Blog,Organic Search,Organic,6,6,0.5049,36.85,2.39,0.4846,0.066,1,41,Average Performing
2025-12-25,Home,Referral,Referral,10,12,0.4905,136.07,1.9,0.4489,0.0531,0,107,Low Performing
2025-12-25,About,Organic Search,Organic,9,10,0.4415,149.14,8.21,0.5826,0.1075,0,184,High Performing
2025-12-25,Services,Paid Search,Paid,9,10,0.5203,233.73,3.18,0.4557,0.0627,0,122,Average Performing
2025-12-25,Home,Organic Search,Organic,10,12,0.4729,112.91,2.9,0.4934,0.0516,1,30,Low Performing
2025-12-26,Home,Paid Search,Paid,2,4,0.5396,121.11,1.0,0.4473,0.0271,0,14,Low Performing
2025-12-27,About,Paid Search,Paid,4,5,0.515,118.48,1.0,0.5047,0.0191,0,14,High Performing
2025-12-27,Products,Referral,Referral,5,6,0.5305,186.88,4.83,0.443,0.1265,0,78,Low Performing
2025-12-27,Home,Referral,Referral,6,8,0.5445,114.36,6.84,0.4593,0.114,1,98,Low Performing
2025-12-27,FAQ,Direct,Direct,6,7,0.3935,482.09,2.39,0.5927,0.0785,0,33,Low Performing
2025-12-27,Products,Direct,Direct,9,9,0.5087,211.13,1.6,0.4724,0.0341,1,40,Low Performing
2025-12-28,Checkout,Referral,Referral,10,14,0.4293,103.77,2.02,0.546,0.0233,1,59,Average Performing
2025-12-28,Home,Organic Search,Organic,5,5,0.4553,340.12,1.1,0.6042,0.0383,1,18,Low Performing
2025-12-28,Products,Organic Search,Organic,10,12,0.4842,163.27,2.1,0.5039,0.0407,0,71,Low Performing
2025-12-28,About,Paid Search,Paid,9,9,0.4636,44.5,6.41,0.5608,0.1,2,110,High Performing
2025-12-29,Blog,Direct,Direct,7,8,0.4874,33.93,2.26,0.5397,0.0688,0,24,Average Performing
2025-12-29,Home,Organic Search,Organic,5,7,0.3958,122.27,2.78,0.6288,0.0654,0,31,Low Performing
2025-12-29,Services,Paid Search,Paid,7,8,0.4839,117.13,5.09,0.488,0.0549,0,77,Average Performing
2025-12-29,About,Social,Social,2,2,0.4436,127.33,8.02,0.5379,0.1264,0,27,High Performing
2025-12-29,Landing Page,Direct,Direct,1,2,0.5004,385.87,2.87,0.4651,0.0785,0,19,Average Performing
2025-12-30,Landing Page,Organic Search,Organic,6,6,0.4551,93.41,5.56,0.5733,0.1108,0,86,Average Performing
2025-12-30,Pricing,Paid Search,Paid,7,9,0.468,521.78,1.89,0.5063,0.042,0,43,High Performing
2025-12-30,Checkout,Paid Search,Paid,4,6,0.5181,86.86,1.05,0.4352,0.0438,1,14,Average Performing
2025-12-31,Blog,Paid Search,Paid,9,11,0.5063,255.12,1.0,0.4953,0.0253,3,52,Average Performing
2025-12-31,Products,Direct,Direct,5,6,0.5009,304.38,3.5,0.4399,0.0373,0,58,Low Performing
2025-12-31,Landing Page,Social,Social,5,7,0.4718,171.12,3.85,0.558,0.026,0,62,Average Performing
2025-12-31,FAQ,Referral,Referral,2,3,0.49,141.03,1.89,0.469,0.0486,0,24,Low Performing
2025-12-31,Home,Direct,Direct,10,11,0.5663,384.08,1.4,0.4147,0.0286,3,60,Low Performing
2025-12-31,Services,Organic Search,Organic,9,10,0.5022,81.81,1.0,0.5134,0.0822,1,52,Average Performing
